dataset,file,genes_input,symbols_mapped,input_ensembl_ids,unmapped,pct_resolved
tms_bm,/scratch/chenxi.sun/thesis_project/tms_qcdata/AllRef_BM_0204/1-M-62/BM_1-M-62_outASTRID.h5ad,27479,25759,0,1720,93.74
tms_bm,/scratch/chenxi.sun/thesis_project/tms_qcdata/AllRef_BM_0204/1-M-63/BM_1-M-63_outASTRID.h5ad,27479,25759,0,1720,93.74
tms_bm,/scratch/chenxi.sun/thesis_project/tms_qcdata/AllRef_BM_0204/18-M-52/BM_18-M-52_outASTRID.h5ad,27479,25759,0,1720,93.74
tms_bm,/scratch/chenxi.sun/thesis_project/tms_qcdata/AllRef_BM_0204/18-M-53/BM_18-M-53_outASTRID.h5ad,27479,25759,0,1720,93.74
tms_bm,/scratch/chenxi.sun/thesis_project/tms_qcdata/AllRef_BM_0204/21-F-54/BM_21-F-54_outASTRID.h5ad,27479,25759,0,1720,93.74
tms_bm,/scratch/chenxi.sun/thesis_project/tms_qcdata/AllRef_BM_0204/21-F-55/BM_21-F-55_outASTRID.h5ad,27479,25759,0,1720,93.74
tms_bm,/scratch/chenxi.sun/thesis_project/tms_qcdata/AllRef_BM_0204/24-M-58/BM_24-M-58_outASTRID.h5ad,27479,25759,0,1720,93.74
tms_bm,/scratch/chenxi.sun/thesis_project/tms_qcdata/AllRef_BM_0204/24-M-59/BM_24-M-59_outASTRID.h5ad,27479,25759,0,1720,93.74
tms_bm,/scratch/chenxi.sun/thesis_project/tms_qcdata/AllRef_BM_0204/24-M-60/BM_24-M-60_outASTRID.h5ad,27479,25759,0,1720,93.74
tms_bm,/scratch/chenxi.sun/thesis_project/tms_qcdata/AllRef_BM_0204/24-M-61/BM_24-M-61_outASTRID.h5ad,27479,25759,0,1720,93.74
tms_bm,/scratch/chenxi.sun/thesis_project/tms_qcdata/AllRef_BM_0204/3-F-56/BM_3-F-56_outASTRID.h5ad,27479,25759,0,1720,93.74
tms_bm,/scratch/chenxi.sun/thesis_project/tms_qcdata/AllRef_BM_0204/3-F-57/BM_3-F-57_outASTRID.h5ad,27479,25759,0,1720,93.74
tms_bm,/scratch/chenxi.sun/thesis_project/tms_qcdata/AllRef_BM_0204/30-M-2/BM_30-M-2_outASTRID.h5ad,27479,25759,0,1720,93.74
tms_bm,/scratch/chenxi.sun/thesis_project/tms_qcdata/AllRef_BM_0204/30-M-3/BM_30-M-3_outASTRID.h5ad,27479,25759,0,1720,93.74
tms_bm,/scratch/chenxi.sun/thesis_project/tms_qcdata/AllRef_BM_0204/30-M-5/BM_30-M-5_outASTRID.h5ad,27479,25759,0,1720,93.74
mukin_bm,/scratch/chenxi.sun/thesis_project/mukin_qcdata/AllRef_BM_0204/GF_19m_2/BM_GF_19m_2_outASTRID.h5ad,17763,17495,0,268,98.49
mukin_bm,/scratch/chenxi.sun/thesis_project/mukin_qcdata/AllRef_BM_0204/GF_19m_3/BM_GF_19m_3_outASTRID.h5ad,17763,17495,0,268,98.49
mukin_bm,/scratch/chenxi.sun/thesis_project/mukin_qcdata/AllRef_BM_0204/GF_2m_2/BM_GF_2m_2_outASTRID.h5ad,17763,17495,0,268,98.49
mukin_bm,/scratch/chenxi.sun/thesis_project/mukin_qcdata/AllRef_BM_0204/GF_2m_3/BM_GF_2m_3_outASTRID.h5ad,17763,17495,0,268,98.49
mukin_bm,/scratch/chenxi.sun/thesis_project/mukin_qcdata/AllRef_BM_0204/SPF_19m_1/BM_SPF_19m_1_outASTRID.h5ad,17763,17495,0,268,98.49
mukin_bm,/scratch/chenxi.sun/thesis_project/mukin_qcdata/AllRef_BM_0204/SPF_19m_2/BM_SPF_19m_2_outASTRID.h5ad,17763,17495,0,268,98.49
mukin_bm,/scratch/chenxi.sun/thesis_project/mukin_qcdata/AllRef_BM_0204/SPF_19m_3/BM_SPF_19m_3_outASTRID.h5ad,17763,17495,0,268,98.49
mukin_bm,/scratch/chenxi.sun/thesis_project/mukin_qcdata/AllRef_BM_0204/SPF_2m_3/BM_SPF_2m_3_outASTRID.h5ad,17763,17495,0,268,98.49
mukin_bm,/scratch/chenxi.sun/thesis_project/mukin_qcdata/AllRef_BM_0204/SPF_2m_4/BM_SPF_2m_4_outASTRID.h5ad,17763,17495,0,268,98.49
mukin_bm,/scratch/chenxi.sun/thesis_project/mukin_qcdata/AllRef_BM_0204/SPF_2m_5/BM_SPF_2m_5_outASTRID.h5ad,17763,17495,0,268,98.49
mukin_skin,/scratch/chenxi.sun/thesis_project/mukin_qcdata/AllRef_skin_0204/GF_19m_1/skin_GF_19m_1_outASTRID.h5ad,19891,19517,0,374,98.12
mukin_skin,/scratch/chenxi.sun/thesis_project/mukin_qcdata/AllRef_skin_0204/GF_19m_2/skin_GF_19m_2_outASTRID.h5ad,19891,19517,0,374,98.12
mukin_skin,/scratch/chenxi.sun/thesis_project/mukin_qcdata/AllRef_skin_0204/GF_19m_3/skin_GF_19m_3_outASTRID.h5ad,19891,19517,0,374,98.12
mukin_skin,/scratch/chenxi.sun/thesis_project/mukin_qcdata/AllRef_skin_0204/GF_2m_1/skin_GF_2m_1_outASTRID.h5ad,19891,19517,0,374,98.12
mukin_skin,/scratch/chenxi.sun/thesis_project/mukin_qcdata/AllRef_skin_0204/GF_2m_2/skin_GF_2m_2_outASTRID.h5ad,19891,19517,0,374,98.12
mukin_skin,/scratch/chenxi.sun/thesis_project/mukin_qcdata/AllRef_skin_0204/GF_2m_3/skin_GF_2m_3_outASTRID.h5ad,19891,19517,0,374,98.12
mukin_skin,/scratch/chenxi.sun/thesis_project/mukin_qcdata/AllRef_skin_0204/SPF_19m_1/skin_SPF_19m_1_outASTRID.h5ad,19891,19517,0,374,98.12
mukin_skin,/scratch/chenxi.sun/thesis_project/mukin_qcdata/AllRef_skin_0204/SPF_19m_2/skin_SPF_19m_2_outASTRID.h5ad,19891,19517,0,374,98.12
mukin_skin,/scratch/chenxi.sun/thesis_project/mukin_qcdata/AllRef_skin_0204/SPF_19m_3/skin_SPF_19m_3_outASTRID.h5ad,19891,19517,0,374,98.12
mukin_skin,/scratch/chenxi.sun/thesis_project/mukin_qcdata/AllRef_skin_0204/SPF_2m_3/skin_SPF_2m_3_outASTRID.h5ad,19891,19517,0,374,98.12
mukin_skin,/scratch/chenxi.sun/thesis_project/mukin_qcdata/AllRef_skin_0204/SPF_2m_4/skin_SPF_2m_4_outASTRID.h5ad,19891,19517,0,374,98.12
mukin_skin,/scratch/chenxi.sun/thesis_project/mukin_qcdata/AllRef_skin_0204/SPF_2m_5/skin_SPF_2m_5_outASTRID.h5ad,19891,19517,0,374,98.12
