atlas,tissue,celltype,contrast,condition_a,condition_b,delta_prolif,delta_death,abs_delta_proliferation,abs_delta_death,regulation_magnitude,regulation_threshold,passes_magnitude_filter,death_fraction_m3,death_fraction_m3_magnitude_filtered
TMS,Marrow,granulocyte,Young female vs Young male,young_female,young_male,0.0004953954603919997,0.0013628018726239005,0.0004953954603919997,0.0013628018726239005,0.0018581973330159002,0.01925408834888737,False,0.5876602159571968,
TMS,Marrow,granulocytopoietic cell,Young female vs Young male,young_female,young_male,0.008248214421150285,0.012192207793773599,0.008248214421150285,0.012192207793773599,0.020440422214923884,0.01925408834888737,True,0.43368298064785915,0.43368298064785915
TMS,Marrow,hematopoietic precursor cell,Young female vs Young male,young_female,young_male,0.001683883066263301,0.015688307056615503,0.001683883066263301,0.015688307056615503,0.017372190122878804,0.01925408834888737,False,0.8283776418151819,
TMS,Marrow,megakaryocyte-erythroid progenitor cell,Young female vs Young male,young_female,young_male,0.015547753060849295,0.004424007402646,0.015547753060849295,0.004424007402646,0.019971760463495296,0.01925408834888737,True,0.1284749448347608,0.1284749448347608
TMS,Marrow,monocyte,Young female vs Young male,young_female,young_male,0.0026422147571800985,0.020554451349268102,0.0026422147571800985,0.020554451349268102,0.023196666106448202,0.01925408834888737,True,0.8012013080569421,0.8012013080569421
TMS,Marrow,naive T cell,Young female vs Young male,young_female,young_male,0.013132240135996301,0.009679748968377498,0.013132240135996301,0.009679748968377498,0.0228119891043738,0.01925408834888737,True,0.2763429680137539,0.2763429680137539
TMS,Marrow,precursor B cell,Young female vs Young male,young_female,young_male,0.0265469934642937,0.0121011695814315,0.0265469934642937,0.0121011695814315,0.0386481630457252,0.01925408834888737,True,0.1910418129776606,0.1910418129776606
TMS,Marrow,proerythroblast,Young female vs Young male,young_female,young_male,0.0017469453665761997,0.0060429189391514,0.0017469453665761997,0.0060429189391514,0.0077898643057276,0.01925408834888737,False,0.6418442873387528,
TMS,Marrow,promonocyte,Young female vs Young male,young_female,young_male,0.021520835275182698,0.0171940042710592,0.021520835275182698,0.0171940042710592,0.0387148395462419,0.01925408834888737,True,0.2927425206474267,0.2927425206474267
TMS,Spleen,B cell,Young female vs Young male,young_female,young_male,0.0017753130075938996,0.0119537631620182,0.0017753130075938996,0.0119537631620182,0.0137290761696121,0.01925408834888737,False,0.7772009802710765,
TMS,Spleen,T cell,Young female vs Young male,young_female,young_male,0.0009113458654557999,0.013482283918046102,0.0009113458654557999,0.013482283918046102,0.014393629783501902,0.01925408834888737,False,0.8845834198325973,
TMS,Spleen,macrophage,Young female vs Young male,young_female,young_male,0.0095287579255488,0.010092416469865601,0.0095287579255488,0.010092416469865601,0.0196211743954144,0.01925408834888737,True,0.3543046649845405,0.3543046649845405
TMS,Spleen,mature NK T cell,Young female vs Young male,young_female,young_male,0.0006289188288872002,0.016141667943692498,0.0006289188288872002,0.016141667943692498,0.0167705867725797,0.01925408834888737,False,0.9300538326476173,
TMS,Marrow,erythroblast,Old male vs Young male,old_male,young_male,0.015701589779790193,0.00029766622518109993,0.015701589779790193,0.00029766622518109993,0.015999256004971294,0.01925408834888737,False,0.009725942269213004,
TMS,Marrow,granulocyte,Old male vs Young male,old_male,young_male,-0.0013953064044528,-0.0004973710933766995,0.0013953064044528,0.0004973710933766995,0.0018926774978294996,0.01925408834888737,False,0.1558845746005915,
TMS,Marrow,granulocytopoietic cell,Old male vs Young male,old_male,young_male,0.008787489250051794,0.0033886225894498995,0.008787489250051794,0.0033886225894498995,0.012176111839501694,0.01925408834888737,False,0.16651281852358166,
TMS,Marrow,hematopoietic precursor cell,Old male vs Young male,old_male,young_male,-0.010135456428855001,0.0102819783084019,0.010135456428855001,0.0102819783084019,0.0204174347372569,0.01925408834888737,True,0.34450374079565754,0.34450374079565754
TMS,Marrow,megakaryocyte-erythroid progenitor cell,Old male vs Young male,old_male,young_male,-0.0359516552601027,0.0020639715722906007,0.0359516552601027,0.0020639715722906007,0.038015626832393304,0.01925408834888737,True,0.02888328607026339,0.02888328607026339
TMS,Marrow,monocyte,Old male vs Young male,old_male,young_male,-0.0043220916973843,0.011290434552036502,0.0043220916973843,0.011290434552036502,0.015612526249420802,0.01925408834888737,False,0.575072089936435,
TMS,Marrow,naive T cell,Old male vs Young male,old_male,young_male,-0.006306000898625798,0.008070623888935799,0.006306000898625798,0.008070623888935799,0.014376624787561597,0.01925408834888737,False,0.3986935969512829,
TMS,Marrow,precursor B cell,Old male vs Young male,old_male,young_male,-0.0013592113102925997,0.002317484587843798,0.0013592113102925997,0.002317484587843798,0.0036766958981363975,0.01925408834888737,False,0.4690240300241631,
TMS,Marrow,proerythroblast,Old male vs Young male,old_male,young_male,-0.0027559680414016,0.0030237464879376,0.0027559680414016,0.0030237464879376,0.0057797145293392,0.01925408834888737,False,0.3624115303152522,
TMS,Marrow,promonocyte,Old male vs Young male,old_male,young_male,-0.04536078883868978,0.0063878396314276005,0.04536078883868978,0.0063878396314276005,0.05174862847011738,0.01925408834888737,True,0.06799573285625374,0.06799573285625374
TMS,Spleen,B cell,Old male vs Young male,old_male,young_male,0.0006784308882449995,0.006906383045520201,0.0006784308882449995,0.006906383045520201,0.0075848139337652,0.01925408834888737,False,0.8406105922630158,
TMS,Spleen,T cell,Old male vs Young male,old_male,young_male,0.0005861303813518995,0.0006746417159965989,0.0005861303813518995,0.0006746417159965989,0.0012607720973484985,0.01925408834888737,False,0.373553763118512,
TMS,Spleen,macrophage,Old male vs Young male,old_male,young_male,0.005586380640953599,0.005684718552644602,0.005586380640953599,0.005684718552644602,0.011271099193598201,0.01925408834888737,False,0.34520347658139566,
TMS,Spleen,mature NK T cell,Old male vs Young male,old_male,young_male,-0.0011139446500211003,0.003036634624696697,0.0011139446500211003,0.003036634624696697,0.004150579274717797,0.01925408834888737,False,0.5854535703553896,
TMS,Marrow,granulocyte,Old female vs Young female,old_female,young_female,-0.0005638710200638001,-0.0012147883787872,0.0005638710200638001,0.0012147883787872,0.0017786593988510001,0.01925408834888737,False,0.5274371884671872,
TMS,Marrow,granulocytopoietic cell,Old female vs Young female,old_female,young_female,-0.056553816351017694,-0.0038927878868485997,0.056553816351017694,0.0038927878868485997,0.0604466042378663,0.01925408834888737,True,0.03443274944553219,0.03443274944553219
TMS,Marrow,hematopoietic precursor cell,Old female vs Young female,old_female,young_female,-0.009646917856042901,-0.0126211435652494,0.009646917856042901,0.0126211435652494,0.022268061421292302,0.01925408834888737,True,0.40398080212554216,0.40398080212554216
TMS,Marrow,macrophage,Old female vs Young female,old_female,young_female,-0.009937738955521504,0.0008659353430520017,0.009937738955521504,0.0008659353430520017,0.010803674298573505,0.01925408834888737,False,0.043192924629379965,
TMS,Marrow,megakaryocyte-erythroid progenitor cell,Old female vs Young female,old_female,young_female,-0.03619015280539009,-0.0042896729286868995,0.03619015280539009,0.0042896729286868995,0.04047982573407699,0.01925408834888737,True,0.05785512113966203,0.05785512113966203
TMS,Marrow,monocyte,Old female vs Young female,old_female,young_female,-0.006387551803312899,-0.014830858385170502,0.006387551803312899,0.014830858385170502,0.021218410188483403,0.01925408834888737,True,0.5460487522162489,0.5460487522162489
TMS,Marrow,naive T cell,Old female vs Young female,old_female,young_female,-0.019139315290819303,-0.009699816404423498,0.019139315290819303,0.009699816404423498,0.0288391316952428,0.01925408834888737,True,0.20795801864938313,0.20795801864938313
TMS,Marrow,precursor B cell,Old female vs Young female,old_female,young_female,-0.0228712878043316,-0.007139348785246701,0.0228712878043316,0.007139348785246701,0.0300106365895783,0.01925408834888737,True,0.13920589222524005,0.13920589222524005
TMS,Marrow,proerythroblast,Old female vs Young female,old_female,young_female,-0.007507090339455899,-0.0060738357727501,0.007507090339455899,0.0060738357727501,0.013580926112205998,0.01925408834888737,False,0.2953587390291732,
TMS,Marrow,promonocyte,Old female vs Young female,old_female,young_female,-0.045355629657897883,-0.010573669078412899,0.045355629657897883,0.010573669078412899,0.05592929873631078,0.01925408834888737,True,0.10776198640348357,0.10776198640348357
TMS,Spleen,B cell,Old female vs Young female,old_female,young_female,-0.0014864603240674996,-0.001626735627482799,0.0014864603240674996,0.001626735627482799,0.0031131959515502986,0.01925408834888737,False,0.3618224612467282,
TMS,Spleen,NK cell,Old female vs Young female,old_female,young_female,-0.0050541239240318,0.002577995529062998,0.0050541239240318,0.002577995529062998,0.0076321194530947975,0.01925408834888737,False,0.20902163113662958,
TMS,Spleen,T cell,Old female vs Young female,old_female,young_female,-0.0007686574210903998,-0.011823322787141103,0.0007686574210903998,0.011823322787141103,0.012591980208231502,0.01925408834888737,False,0.8885033096973513,
TMS,Spleen,macrophage,Old female vs Young female,old_female,young_female,-0.0075263060704926,-0.0012661644452269007,0.0075263060704926,0.0012661644452269007,0.0087924705157195,0.01925408834888737,False,0.08016902821052926,
TMS,Spleen,mature NK T cell,Old female vs Young female,old_female,young_female,-0.0023935963386497003,-0.0102632627456249,0.0023935963386497003,0.0102632627456249,0.0126568590842746,0.01925408834888737,False,0.6895750341200424,
TMS,Marrow,granulocyte,Old female vs Old male,old_female,old_male,0.0013268308447809997,0.0006453845872134,0.0013268308447809997,0.0006453845872134,0.0019722154319943997,0.01925408834888737,False,0.20127530554901568,
TMS,Marrow,granulocytopoietic cell,Old female vs Old male,old_female,old_male,-0.0570930911799192,0.0049107973174751,0.0570930911799192,0.0049107973174751,0.0620038884973943,0.01925408834888737,True,0.042660391066491346,0.042660391066491346
TMS,Marrow,hematopoietic precursor cell,Old female vs Old male,old_female,old_male,0.002172421639075401,-0.0072148148170358,0.002172421639075401,0.0072148148170358,0.009387236456111201,0.01925408834888737,False,0.6324294732618863,
TMS,Marrow,macrophage,Old female vs Old male,old_female,old_male,0.0099569639257789,-0.012070232719133898,0.0099569639257789,0.012070232719133898,0.0220271966449128,0.01925408834888737,True,0.38575998023544256,0.38575998023544256
TMS,Marrow,megakaryocyte-erythroid progenitor cell,Old female vs Old male,old_female,old_male,0.015309255515561906,-0.0019296370983315006,0.015309255515561906,0.0019296370983315006,0.017238892613893407,0.01925408834888737,False,0.06129712012707803,
TMS,Marrow,monocyte,Old female vs Old male,old_female,old_male,0.0005767546512514994,-0.005566841587938902,0.0005767546512514994,0.005566841587938902,0.006143596239190401,0.01925408834888737,False,0.8333455191761855,
TMS,Marrow,naive T cell,Old female vs Old male,old_female,old_male,0.00029892574380279563,-0.008090691324981799,0.00029892574380279563,0.008090691324981799,0.008389617068784595,0.01925408834888737,False,0.9334313546738724,
TMS,Marrow,precursor B cell,Old female vs Old male,old_female,old_male,0.0050349169702547,0.0026443362083410013,0.0050349169702547,0.0026443362083410013,0.007679253178595701,0.01925408834888737,False,0.21389292354844092,
TMS,Marrow,proerythroblast,Old female vs Old male,old_female,old_male,-0.0030041769314780994,-0.0030546633215362998,0.0030041769314780994,0.0030546633215362998,0.006058840253014399,0.01925408834888737,False,0.3450262251179639,
TMS,Marrow,promonocyte,Old female vs Old male,old_female,old_male,0.021525994455974598,0.00023249556121870268,0.021525994455974598,0.00023249556121870268,0.0217584900171933,0.01925408834888737,True,0.005564401468167507,0.005564401468167507
TMS,Spleen,B cell,Old female vs Old male,old_female,old_male,-0.0003895782047185995,0.0034206444890152003,0.0003895782047185995,0.0034206444890152003,0.0038102226937338,0.01925408834888737,False,0.8197831659997971,
TMS,Spleen,T cell,Old female vs Old male,old_female,old_male,-0.0004434419369864994,0.0009843194149084002,0.0004434419369864994,0.0009843194149084002,0.0014277613518948996,0.01925408834888737,False,0.5348790238790799,
TMS,Spleen,macrophage,Old female vs Old male,old_female,old_male,-0.0035839287858973994,0.0031415334719940985,0.0035839287858973994,0.0031415334719940985,0.006725462257891498,0.01925408834888737,False,0.31229985764389084,
TMS,Spleen,mature NK T cell,Old female vs Old male,old_female,old_male,-0.0006507328597413998,0.0028417705733708998,0.0006507328597413998,0.0028417705733708998,0.0034925034331122996,0.01925408834888737,False,0.6934807359800511,
TMS,Spleen,plasma cell,Old female vs Old male,old_female,old_male,-0.0012720496579059003,-0.0002578078250982999,0.0012720496579059003,0.0002578078250982999,0.0015298574830042001,0.01925408834888737,False,0.09502125476884765,
TMS,Spleen,proerythroblast,Old female vs Old male,old_female,old_male,-0.0231524520704225,0.0021620567523295,0.0231524520704225,0.0021620567523295,0.025314508822752,0.01925408834888737,True,0.04614684036925186,0.04614684036925186
