celltype,model,constraint,n_conditions,n_parameters,n_positive_gamma,n_zero_gamma,n_negative_gamma,gamma_ref,s_gamma_global,a,b,ka,kb,SSE,RMSE_percent,AIC,AICc,BIC,min_denominator,status,source_csv,delta_AICc,AICc_best
Precursor B cell,M1,a and b free,8,4,8,0,0,0.0,0.0635777414648618,0.52,0.5,0.04570881896148749,6.397576305321532e-05,0.0012280170966106868,1.2389597938445616,-62.254368549700246,-48.92103521636691,-61.9366023829809,0.0019880193685199166,edge_unresolved,mukin_old_spf_vs_old_gf_tidyi.csv;mukin_young_spf_vs_old_spf_tidyi.csv;mukin_young_spf_vs_young_gf_tidyi.csv;tms_old_male_vs_old_female_tidyi.csv;tms_young_male_vs_young_female_tidyi.csv,9.928588245569266,False
Precursor B cell,M2,"a = 0, b free",8,3,8,0,0,0.0,0.0635777414648618,0.0,0.92,5.370317963702527,0.05227596611545153,0.002856290434906958,1.889540431860006,-57.50138470768331,-51.50138470768331,-57.263060082643804,5.232600675070993,grid_interior,mukin_old_spf_vs_old_gf_tidyi.csv;mukin_young_spf_vs_old_spf_tidyi.csv;mukin_young_spf_vs_young_gf_tidyi.csv;tms_old_male_vs_old_female_tidyi.csv;tms_young_male_vs_young_female_tidyi.csv,7.348238754252868,False
Precursor B cell,M3,"a free, b = 0",8,3,8,0,0,0.0,0.0635777414648618,0.51,0.0,0.046773514128719815,0.00019266871432529196,0.0011399608137589515,1.193713121817252,-64.84962346193618,-58.849623461936176,-64.61129883689667,0.0025234428450003205,grid_interior,mukin_old_spf_vs_old_gf_tidyi.csv;mukin_young_spf_vs_old_spf_tidyi.csv;mukin_young_spf_vs_young_gf_tidyi.csv;tms_old_male_vs_old_female_tidyi.csv;tms_young_male_vs_young_female_tidyi.csv,0.0,True
Precursor B cell,M4,a = b = 0,8,2,8,0,0,0.0,0.0635777414648618,0.0,0.0,0.19498445997580455,0.004006326189429816,0.00317691798278363,1.9927738151831327,-58.65028225311967,-56.25028225311967,-58.49139916976,0.057267171344270146,grid_interior,mukin_old_spf_vs_old_gf_tidyi.csv;mukin_young_spf_vs_old_spf_tidyi.csv;mukin_young_spf_vs_young_gf_tidyi.csv;tms_old_male_vs_old_female_tidyi.csv;tms_young_male_vs_young_female_tidyi.csv,2.5993412088165044,False
Dendritic,M1,a and b free,8,4,2,0,6,0.0,0.0635777414648618,5.7,-7.3,0.004677351412871981,0.0001219450287184662,0.0027302184985261964,1.8473692438594254,-55.862521428621115,-42.52918809528778,-55.54475526190177,0.0015414781058476663,edge_unresolved,mukin_old_spf_vs_old_gf_tidyi.csv;mukin_young_spf_vs_old_spf_tidyi.csv;mukin_young_spf_vs_young_gf_tidyi.csv;tms_old_male_vs_old_female_tidyi.csv;tms_young_male_vs_young_female_tidyi.csv,7.298557401251266,False
Dendritic,M2,"a = 0, b free",8,3,2,0,6,0.0,0.0635777414648618,0.0,-6.6,0.014791083881682071,0.0002544715533218396,0.0035209422329116067,2.0978984225027455,-55.827745496539045,-49.827745496539045,-55.58942087149954,0.0037795136925710716,edge_unresolved,mukin_old_spf_vs_old_gf_tidyi.csv;mukin_young_spf_vs_old_spf_tidyi.csv;mukin_young_spf_vs_young_gf_tidyi.csv;tms_old_male_vs_old_female_tidyi.csv;tms_young_male_vs_young_female_tidyi.csv,0.0,True
Dendritic,M3,"a free, b = 0",8,3,2,0,6,0.0,0.0635777414648618,4.37,0.0,2511886431.509582,38003710.94216397,0.0041614107820623835,2.28073748545903,-54.490741388616215,-48.490741388616215,-54.252416763576704,392950359.4014619,edge_unresolved,mukin_old_spf_vs_old_gf_tidyi.csv;mukin_young_spf_vs_old_spf_tidyi.csv;mukin_young_spf_vs_young_gf_tidyi.csv;tms_old_male_vs_old_female_tidyi.csv;tms_young_male_vs_young_female_tidyi.csv,1.33700410792283,False
Dendritic,M4,a = b = 0,8,2,2,0,6,0.0,0.0635777414648618,0.0,0.0,2511886431.509582,113385927.05098306,0.007660876133095675,3.0945266465761114,-51.60856372609098,-49.20856372609098,-51.44968064273131,2511886431.4985704,edge_unresolved,mukin_old_spf_vs_old_gf_tidyi.csv;mukin_young_spf_vs_old_spf_tidyi.csv;mukin_young_spf_vs_young_gf_tidyi.csv;tms_old_male_vs_old_female_tidyi.csv;tms_young_male_vs_young_female_tidyi.csv,0.6191817704480655,False
Promonocyte,M1,a and b free,8,4,8,0,0,0.0,0.0635777414648618,0.52,-0.3,0.046773514128719815,0.0004367912165057211,0.002681682282612401,1.8308748873873115,-56.00602004542941,-42.67268671209607,-55.688253878710064,0.004787482026956669,edge_unresolved,mukin_old_spf_vs_old_gf_tidyi.csv;mukin_young_spf_vs_old_spf_tidyi.csv;mukin_young_spf_vs_young_gf_tidyi.csv;tms_old_male_vs_old_female_tidyi.csv;tms_young_male_vs_young_female_tidyi.csv,10.120241721448807,False
Promonocyte,M2,"a = 0, b free",8,3,8,0,0,0.0,0.0635777414648618,0.0,-0.99,6.606934480075959,1.7507667443756845,0.0032374346802701163,2.011664323473885,-56.499324558545574,-50.499324558545574,-56.26099993350607,6.429056879519894,grid_interior,mukin_old_spf_vs_old_gf_tidyi.csv;mukin_young_spf_vs_old_spf_tidyi.csv;mukin_young_spf_vs_young_gf_tidyi.csv;tms_old_male_vs_old_female_tidyi.csv;tms_young_male_vs_young_female_tidyi.csv,2.293603874999306,False
Promonocyte,M3,"a free, b = 0",8,3,8,0,0,0.0,0.0635777414648618,0.53,0.0,0.04570881896148749,0.0002251399947726718,0.0026664526779251216,1.8256686028429152,-58.051582533185524,-52.051582533185524,-57.813257908146014,0.0042187251238787055,grid_interior,mukin_old_spf_vs_old_gf_tidyi.csv;mukin_young_spf_vs_old_spf_tidyi.csv;mukin_young_spf_vs_young_gf_tidyi.csv;tms_old_male_vs_old_female_tidyi.csv;tms_young_male_vs_young_female_tidyi.csv,0.7413459003593559,False
Promonocyte,M4,a = b = 0,8,2,8,0,0,0.0,0.0635777414648618,0.0,0.0,2511886431.509582,94276589.47111018,0.004894346514555109,2.4734456014220094,-55.19292843354488,-52.79292843354488,-55.03404535018521,2511886431.3317046,edge_unresolved,mukin_old_spf_vs_old_gf_tidyi.csv;mukin_young_spf_vs_old_spf_tidyi.csv;mukin_young_spf_vs_young_gf_tidyi.csv;tms_old_male_vs_old_female_tidyi.csv;tms_young_male_vs_young_female_tidyi.csv,0.0,True
Myeloid progenitor,M1,a and b free,8,4,5,0,3,0.0,0.0635777414648618,1.12,-2.42,0.0223872113856834,0.0007830718830133259,4.456338317721831e-05,0.23601743361777935,-88.78431666257902,-75.45098332924569,-88.46655049585968,0.004087231902691828,grid_interior,mukin_old_spf_vs_old_gf_tidyi.csv;mukin_young_spf_vs_old_spf_tidyi.csv;mukin_young_spf_vs_young_gf_tidyi.csv;tms_old_male_vs_old_female_tidyi.csv;tms_young_male_vs_young_female_tidyi.csv,3.381937744209239,False
Myeloid progenitor,M2,"a = 0, b free",8,3,5,0,3,0.0,0.0635777414648618,0.0,-1.38,0.1096478196143185,0.004194550438619637,9.376924890818777e-05,0.3423617401743873,-84.83292107345493,-78.83292107345493,-84.59459644841542,0.052905337726968905,grid_interior,mukin_old_spf_vs_old_gf_tidyi.csv;mukin_young_spf_vs_old_spf_tidyi.csv;mukin_young_spf_vs_young_gf_tidyi.csv;tms_old_male_vs_old_female_tidyi.csv;tms_young_male_vs_young_female_tidyi.csv,0.0,True
Myeloid progenitor,M3,"a free, b = 0",8,3,5,0,3,0.0,0.0635777414648618,0.78,0.0,2511886431.509582,100014483.19279975,0.00011820750694975316,0.3843948278621754,-82.98008388892492,-76.98008388892492,-82.74175926388541,1558110379.5327435,edge_unresolved,mukin_old_spf_vs_old_gf_tidyi.csv;mukin_young_spf_vs_old_spf_tidyi.csv;mukin_young_spf_vs_young_gf_tidyi.csv;tms_old_male_vs_old_female_tidyi.csv;tms_young_male_vs_young_female_tidyi.csv,1.852837184530003,False
Myeloid progenitor,M4,a = b = 0,8,2,5,0,3,0.0,0.0635777414648618,0.0,0.0,2511886431.509582,100270297.43285595,0.0017623322861706446,1.48422213893787,-63.364469810143945,-60.964469810143946,-63.205586726784276,2511886431.4528394,edge_unresolved,mukin_old_spf_vs_old_gf_tidyi.csv;mukin_young_spf_vs_old_spf_tidyi.csv;mukin_young_spf_vs_young_gf_tidyi.csv;tms_old_male_vs_old_female_tidyi.csv;tms_young_male_vs_young_female_tidyi.csv,17.86845126331098,False
Myelomonocyte,M1,a and b free,8,4,7,0,1,0.0,0.0635777414648618,-3.36,-4.0,95.49925860214358,3.2421034561082736,0.00035823582739483216,0.6691747038281858,-72.11008475499845,-58.77675142166512,-71.79231858827912,0.14660066369446448,edge_unresolved,mukin_old_spf_vs_old_gf_tidyi.csv;mukin_young_spf_vs_old_spf_tidyi.csv;mukin_young_spf_vs_young_gf_tidyi.csv;tms_old_male_vs_old_female_tidyi.csv;tms_young_male_vs_young_female_tidyi.csv,9.119016953002422,False
Myelomonocyte,M2,"a = 0, b free",8,3,7,0,1,0.0,0.0635777414648618,0.0,-1.13,0.14791083881682077,0.004942209731840831,0.00036796250809812954,0.6781984481865627,-73.89576837466754,-67.89576837466754,-73.65744374962803,0.03604243925307818,grid_interior,mukin_old_spf_vs_old_gf_tidyi.csv;mukin_young_spf_vs_old_spf_tidyi.csv;mukin_young_spf_vs_young_gf_tidyi.csv;tms_old_male_vs_old_female_tidyi.csv;tms_young_male_vs_young_female_tidyi.csv,0.0,True
Myelomonocyte,M3,"a free, b = 0",8,3,7,0,1,0.0,0.0635777414648618,0.52,0.0,2511886431.509582,83529902.83066323,0.00040844146611423494,0.7145290985276902,-73.06082788333642,-67.06082788333642,-72.8225032582969,2210697563.0764084,edge_unresolved,mukin_old_spf_vs_old_gf_tidyi.csv;mukin_young_spf_vs_old_spf_tidyi.csv;mukin_young_spf_vs_young_gf_tidyi.csv;tms_old_male_vs_old_female_tidyi.csv;tms_young_male_vs_young_female_tidyi.csv,0.8349404913311247,False
Myelomonocyte,M4,a = b = 0,8,2,7,0,1,0.0,0.0635777414648618,0.0,0.0,2511886431.509582,59492413.89072708,0.0007525437694554872,0.969886442744386,-70.17194351458615,-67.77194351458614,-70.01306043122648,2511886431.3977137,edge_unresolved,mukin_old_spf_vs_old_gf_tidyi.csv;mukin_young_spf_vs_old_spf_tidyi.csv;mukin_young_spf_vs_young_gf_tidyi.csv;tms_old_male_vs_old_female_tidyi.csv;tms_young_male_vs_young_female_tidyi.csv,0.12382486008139892,False
T CD8,M1,a and b free,8,4,0,0,8,0.0,0.0635777414648618,11.2,4.6,60.25595860743578,0.15199616871164456,0.011452195365171445,3.783549154757251,-44.392122992728396,-31.05878965939506,-44.07435682600905,0.06751846722298349,edge_unresolved,mukin_old_spf_vs_old_gf_tidyi.csv;mukin_young_spf_vs_old_spf_tidyi.csv;mukin_young_spf_vs_young_gf_tidyi.csv;tms_old_male_vs_old_female_tidyi.csv;tms_young_male_vs_young_female_tidyi.csv,10.645885793494791,False
T CD8,M2,"a = 0, b free",8,3,0,0,8,0.0,0.0635777414648618,0.0,-3.21,389045144.99428046,3904285.5095700775,0.013346208215985178,4.084453484859568,-45.16771603939743,-39.16771603939743,-44.92939141435792,389045145.00842863,grid_interior,mukin_old_spf_vs_old_gf_tidyi.csv;mukin_young_spf_vs_old_spf_tidyi.csv;mukin_young_spf_vs_young_gf_tidyi.csv;tms_old_male_vs_old_female_tidyi.csv;tms_young_male_vs_young_female_tidyi.csv,2.5369594134924185,False
T CD8,M3,"a free, b = 0",8,3,0,0,8,0.0,0.0635777414648618,8.51,0.0,3.8018939632056115,0.005018914693566213,0.012315819639685139,3.9236175335532417,-45.810497880780545,-39.810497880780545,-45.572173255741035,0.05427464597463445,grid_interior,mukin_old_spf_vs_old_gf_tidyi.csv;mukin_young_spf_vs_old_spf_tidyi.csv;mukin_young_spf_vs_young_gf_tidyi.csv;tms_old_male_vs_old_female_tidyi.csv;tms_young_male_vs_young_female_tidyi.csv,1.8941775721093066,False
T CD8,M4,a = b = 0,8,2,0,0,8,0.0,0.0635777414648618,0.0,0.0,2511886431.509582,111342453.3848927,0.019572243000098775,4.9462413760474195,-44.10467545288985,-41.70467545288985,-43.94579236953018,2511886431.5237303,edge_unresolved,mukin_old_spf_vs_old_gf_tidyi.csv;mukin_young_spf_vs_old_spf_tidyi.csv;mukin_young_spf_vs_young_gf_tidyi.csv;tms_old_male_vs_old_female_tidyi.csv;tms_young_male_vs_young_female_tidyi.csv,0.0,True
