dataset,condition,mouse_a,mouse_b,rate,n_shared_celltypes,pearson_r
mukin_bm,"age=19m, sex=F, microbiota=SPF, tissue=BM",SPF_19m_2,SPF_19m_1,prolif_rate,5,0.9908021807088035
mukin_bm,"age=19m, sex=F, microbiota=SPF, tissue=BM",SPF_19m_2,SPF_19m_1,death_rate,5,0.9716337992212354
mukin_bm,"age=2m, sex=F, microbiota=GF, tissue=BM",GF_2m_3,GF_2m_2,prolif_rate,4,0.9996404561478929
mukin_bm,"age=2m, sex=F, microbiota=GF, tissue=BM",GF_2m_3,GF_2m_2,death_rate,4,0.8892925267258156
mukin_bm,"age=2m, sex=F, microbiota=SPF, tissue=BM",SPF_2m_4,SPF_2m_5,prolif_rate,4,0.9983454359776379
mukin_bm,"age=2m, sex=F, microbiota=SPF, tissue=BM",SPF_2m_4,SPF_2m_5,death_rate,4,0.9808541098045117
mukin_sk,"age=19m, sex=F, microbiota=GF, tissue=SK",GF_19m_1,GF_19m_3,prolif_rate,4,0.715141615574466
mukin_sk,"age=19m, sex=F, microbiota=GF, tissue=SK",GF_19m_1,GF_19m_3,death_rate,4,0.9800764109790425
mukin_sk,"age=19m, sex=F, microbiota=SPF, tissue=SK",SPF_19m_2,SPF_19m_3,prolif_rate,7,0.9983732294812816
mukin_sk,"age=19m, sex=F, microbiota=SPF, tissue=SK",SPF_19m_2,SPF_19m_3,death_rate,7,0.8870056504341737
mukin_sk,"age=2m, sex=F, microbiota=GF, tissue=SK",GF_2m_3,GF_2m_1,prolif_rate,4,0.9997327502725577
mukin_sk,"age=2m, sex=F, microbiota=GF, tissue=SK",GF_2m_3,GF_2m_1,death_rate,4,0.9270610073299426
mukin_sk,"age=2m, sex=F, microbiota=SPF, tissue=SK",SPF_2m_4,SPF_2m_5,prolif_rate,8,0.9996781075672106
mukin_sk,"age=2m, sex=F, microbiota=SPF, tissue=SK",SPF_2m_4,SPF_2m_5,death_rate,8,0.9748258684533138
tms_bm,"age=18m, sex=M, microbiota=nan, tissue=BM",18-M-52,18-M-53,prolif_rate,6,0.9997438645365744
tms_bm,"age=18m, sex=M, microbiota=nan, tissue=BM",18-M-52,18-M-53,death_rate,6,0.7907413729037874
tms_bm,"age=1m, sex=M, microbiota=nan, tissue=BM",1-M-62,1-M-63,prolif_rate,9,0.9906371756950832
tms_bm,"age=1m, sex=M, microbiota=nan, tissue=BM",1-M-62,1-M-63,death_rate,9,0.8326215421591469
tms_bm,"age=21m, sex=F, microbiota=nan, tissue=BM",21-F-54,21-F-55,prolif_rate,12,0.9376157153034841
tms_bm,"age=21m, sex=F, microbiota=nan, tissue=BM",21-F-54,21-F-55,death_rate,12,0.8588257744950919
tms_bm,"age=24m, sex=M, microbiota=nan, tissue=BM",24-M-58,24-M-60,prolif_rate,5,0.9787867429127245
tms_bm,"age=24m, sex=M, microbiota=nan, tissue=BM",24-M-58,24-M-60,death_rate,5,0.9731282267926177
tms_bm,"age=30m, sex=M, microbiota=nan, tissue=BM",30-M-2,30-M-5,prolif_rate,9,0.9623681827347725
tms_bm,"age=30m, sex=M, microbiota=nan, tissue=BM",30-M-2,30-M-5,death_rate,9,0.8601178072249234
tms_bm,"age=3m, sex=F, microbiota=nan, tissue=BM",3-F-57,3-F-56,prolif_rate,9,0.9556272225856177
tms_bm,"age=3m, sex=F, microbiota=nan, tissue=BM",3-F-57,3-F-56,death_rate,9,0.9686669862892515
