dataset,condition,mouse_a,mouse_b,celltype,prolif_rate_a,death_rate_a,cell_count_a,prolif_rate_b,death_rate_b,cell_count_b
mukin_bm,"age=19m, sex=F, microbiota=SPF, tissue=BM",SPF_19m_2,SPF_19m_1,T CD8,0.0061772971974588,0.0591759558191236,327,0.0048728052609602,0.047336845425894,279
mukin_bm,"age=19m, sex=F, microbiota=SPF, tissue=BM",SPF_19m_2,SPF_19m_1,dendritic,0.0103195187794983,0.0609786284695727,223,0.0271245346246329,0.0436712997696063,220
mukin_bm,"age=19m, sex=F, microbiota=SPF, tissue=BM",SPF_19m_2,SPF_19m_1,monocyte,0.0115575801613186,0.0728644714206283,288,0.0148565152290339,0.0589750149814608,215
mukin_bm,"age=19m, sex=F, microbiota=SPF, tissue=BM",SPF_19m_2,SPF_19m_1,monocyte pro,0.1850209732055243,0.066389798668531,138,0.136605228016429,0.0557928719201033,133
mukin_bm,"age=19m, sex=F, microbiota=SPF, tissue=BM",SPF_19m_2,SPF_19m_1,neutrophil maturing,0.0062810489920853,0.0190173202855605,194,0.0068841488425409,0.0227593472490625,129
mukin_bm,"age=2m, sex=F, microbiota=GF, tissue=BM",GF_2m_3,GF_2m_2,B immature,0.0023001613426188,0.0345483478186675,272,0.0018979939755023,0.0323419699549172,290
mukin_bm,"age=2m, sex=F, microbiota=GF, tissue=BM",GF_2m_3,GF_2m_2,B pre,0.1056908984035683,0.0210322626392977,206,0.1751365639316242,0.012183577844648,102
mukin_bm,"age=2m, sex=F, microbiota=GF, tissue=BM",GF_2m_3,GF_2m_2,monocyte,0.0069276085204895,0.0327972210333848,162,0.0137490661579928,0.0307880813404434,166
mukin_bm,"age=2m, sex=F, microbiota=GF, tissue=BM",GF_2m_3,GF_2m_2,neutrophil maturing,0.0040137959288554,0.0082659661556196,167,0.0036199593104719,0.0130616672990133,109
mukin_bm,"age=2m, sex=F, microbiota=SPF, tissue=BM",SPF_2m_4,SPF_2m_5,B immature,0.0023958152960486,0.0676112553055142,202,0.0069832119568655,0.0573449317126817,203
mukin_bm,"age=2m, sex=F, microbiota=SPF, tissue=BM",SPF_2m_4,SPF_2m_5,monocyte,0.0120934497447111,0.0816978575714631,106,0.0154964853475102,0.0732817830241726,185
mukin_bm,"age=2m, sex=F, microbiota=SPF, tissue=BM",SPF_2m_4,SPF_2m_5,neutrophil immature,0.1117876721258797,0.0183955531989551,109,0.1096218176378494,0.0289162414306149,130
mukin_bm,"age=2m, sex=F, microbiota=SPF, tissue=BM",SPF_2m_4,SPF_2m_5,neutrophil maturing,0.0068514690229282,0.0163927035601399,178,0.0047431070985231,0.0161638778423177,216
mukin_sk,"age=19m, sex=F, microbiota=GF, tissue=SK",GF_19m_1,GF_19m_3,hair follicle bulge,0.0032390848445631,0.0558311264339322,140,0.0053776078493267,0.0615099625364886,107
mukin_sk,"age=19m, sex=F, microbiota=GF, tissue=SK",GF_19m_1,GF_19m_3,keratinocyte basal label retain,0.0040860417475431,0.0226317798757462,3400,0.0065209928352231,0.0249062040147276,996
mukin_sk,"age=19m, sex=F, microbiota=GF, tissue=SK",GF_19m_1,GF_19m_3,keratinocyte granulosum,0.0084209852659269,0.0129632753567026,186,0.0080888991727836,0.0220010599529441,179
mukin_sk,"age=19m, sex=F, microbiota=GF, tissue=SK",GF_19m_1,GF_19m_3,keratinocyte spinosum upper,0.0051395429293161,0.0259377057732058,2260,0.0085592634012093,0.0266659906659448,551
mukin_sk,"age=19m, sex=F, microbiota=SPF, tissue=SK",SPF_19m_2,SPF_19m_3,hair follicle,0.004633313464469,0.0177334462016022,249,0.0123594773883649,0.0209180028159219,228
mukin_sk,"age=19m, sex=F, microbiota=SPF, tissue=SK",SPF_19m_2,SPF_19m_3,keratinocyte basal early response,0.0048663325080551,0.0126383852406663,846,0.0049713827397428,0.0165870136124644,576
mukin_sk,"age=19m, sex=F, microbiota=SPF, tissue=SK",SPF_19m_2,SPF_19m_3,keratinocyte basal label retain,0.0060826228485606,0.0303243006296282,1134,0.006815041844986,0.0217388073753292,934
mukin_sk,"age=19m, sex=F, microbiota=SPF, tissue=SK",SPF_19m_2,SPF_19m_3,keratinocyte granulosum,0.0130563239016926,0.0174427213769046,445,0.012251695300552,0.0215448127609813,242
mukin_sk,"age=19m, sex=F, microbiota=SPF, tissue=SK",SPF_19m_2,SPF_19m_3,keratinocyte proliferating,0.1359600440223704,0.006701810409291,135,0.1521915412810031,0.0088243773814217,114
mukin_sk,"age=19m, sex=F, microbiota=SPF, tissue=SK",SPF_19m_2,SPF_19m_3,keratinocyte spinosum suprabasal,0.0070653060949266,0.0116057173763272,607,0.0064589324870439,0.0140946624969146,446
mukin_sk,"age=19m, sex=F, microbiota=SPF, tissue=SK",SPF_19m_2,SPF_19m_3,keratinocyte spinosum upper,0.0083530552849331,0.0305271278573858,901,0.0102459867332434,0.029385270754826,673
mukin_sk,"age=2m, sex=F, microbiota=GF, tissue=SK",GF_2m_3,GF_2m_1,keratinocyte basal label retain,0.0042931898136756,0.0183322509734357,1122,0.0039001905796342,0.0190249465316427,1563
mukin_sk,"age=2m, sex=F, microbiota=GF, tissue=SK",GF_2m_3,GF_2m_1,keratinocyte granulosum,0.0105389355805168,0.0124937122729917,156,0.0068254307313784,0.0164650355351326,301
mukin_sk,"age=2m, sex=F, microbiota=GF, tissue=SK",GF_2m_3,GF_2m_1,keratinocyte proliferating,0.1213103209565656,0.0070471293044926,127,0.1129839923674396,0.0065804610455587,112
mukin_sk,"age=2m, sex=F, microbiota=GF, tissue=SK",GF_2m_3,GF_2m_1,keratinocyte spinosum upper,0.0057976252275349,0.0157764523509012,749,0.0044915410708577,0.0206408612900767,1296
mukin_sk,"age=2m, sex=F, microbiota=SPF, tissue=SK",SPF_2m_4,SPF_2m_5,hair follicle,0.0064805401150501,0.0217151268907506,396,0.0051885302141269,0.0246686731516054,291
mukin_sk,"age=2m, sex=F, microbiota=SPF, tissue=SK",SPF_2m_4,SPF_2m_5,hair follicle bulge,0.0037378577567137,0.0806245598858918,152,0.004084399103559,0.0667180509945744,157
mukin_sk,"age=2m, sex=F, microbiota=SPF, tissue=SK",SPF_2m_4,SPF_2m_5,keratinocyte basal early response,0.0057711818574181,0.0130754572101852,399,0.006416812565545,0.0161441535751573,495
mukin_sk,"age=2m, sex=F, microbiota=SPF, tissue=SK",SPF_2m_4,SPF_2m_5,keratinocyte basal label retain,0.005270896671857,0.0223644648305236,1120,0.0069563471991821,0.0144516679951382,831
mukin_sk,"age=2m, sex=F, microbiota=SPF, tissue=SK",SPF_2m_4,SPF_2m_5,keratinocyte granulosum,0.0116411143361754,0.0171899312595062,587,0.0109934866045016,0.0206884939488322,508
mukin_sk,"age=2m, sex=F, microbiota=SPF, tissue=SK",SPF_2m_4,SPF_2m_5,keratinocyte proliferating,0.114497096274849,0.0096017473141488,153,0.126092557324486,0.00827066636343,270
mukin_sk,"age=2m, sex=F, microbiota=SPF, tissue=SK",SPF_2m_4,SPF_2m_5,keratinocyte spinosum suprabasal,0.0066798496469827,0.0196740841970053,359,0.0078344457317697,0.0137217552189151,339
mukin_sk,"age=2m, sex=F, microbiota=SPF, tissue=SK",SPF_2m_4,SPF_2m_5,keratinocyte spinosum upper,0.0071180892074216,0.0158712406937823,779,0.007422609010071,0.0178831357671077,807
tms_bm,"age=18m, sex=M, microbiota=nan, tissue=BM",18-M-52,18-M-53,erythrocyte,0.0255127699964805,0.0034101846224088,487,0.0345363440358684,0.003165578615661,111
tms_bm,"age=18m, sex=M, microbiota=nan, tissue=BM",18-M-52,18-M-53,macrophage,0.0007137314382774,0.018810483542117,110,0.0005153146185734,0.0217229441413605,191
tms_bm,"age=18m, sex=M, microbiota=nan, tissue=BM",18-M-52,18-M-53,neutrophil,0.0019578781425805,0.0114177011599026,546,0.0031923759698548,0.0063783399814378,110
tms_bm,"age=18m, sex=M, microbiota=nan, tissue=BM",18-M-52,18-M-53,neutrophil immature,0.0711167936570042,0.0107574031591042,507,0.0967668387965275,0.005252327035513,321
tms_bm,"age=18m, sex=M, microbiota=nan, tissue=BM",18-M-52,18-M-53,neutrophil maturing,0.0036913450902806,0.0065674748970693,1119,0.0059454314074919,0.0080777285703275,339
tms_bm,"age=18m, sex=M, microbiota=nan, tissue=BM",18-M-52,18-M-53,neutrophil progenitor,0.0380111885640309,0.0158044924685509,192,0.0535986237906443,0.0091380264386873,102
tms_bm,"age=1m, sex=M, microbiota=nan, tissue=BM",1-M-62,1-M-63,B immature,0.0030696706907909,0.0241292205720434,416,0.0038304000173645,0.0249059868221776,445
tms_bm,"age=1m, sex=M, microbiota=nan, tissue=BM",1-M-62,1-M-63,B naive,0.0024954773722387,0.0231728920770135,252,0.0025804457959705,0.0284460734422125,217
tms_bm,"age=1m, sex=M, microbiota=nan, tissue=BM",1-M-62,1-M-63,B pre,0.1156214253279599,0.0113211289237512,175,0.1180972556207658,0.0122323146111213,165
tms_bm,"age=1m, sex=M, microbiota=nan, tissue=BM",1-M-62,1-M-63,erythrocyte,0.0389599210032557,0.0064663778413583,1063,0.0578330518248311,0.0025305831579777,569
tms_bm,"age=1m, sex=M, microbiota=nan, tissue=BM",1-M-62,1-M-63,monocyte,0.0118982496979108,0.0128285135995206,176,0.0108417352111996,0.0102935058082129,198
tms_bm,"age=1m, sex=M, microbiota=nan, tissue=BM",1-M-62,1-M-63,myeloid progenitor,0.0271418106373167,0.0101296119096671,110,0.027743681136874,0.0240143504040968,123
tms_bm,"age=1m, sex=M, microbiota=nan, tissue=BM",1-M-62,1-M-63,neutrophil,0.0022315899631414,0.0082393319214948,346,0.0016236185354361,0.005564008079942,401
tms_bm,"age=1m, sex=M, microbiota=nan, tissue=BM",1-M-62,1-M-63,neutrophil immature,0.0884939022233321,0.0073079998955692,289,0.0983410976803718,0.0098973956924491,274
tms_bm,"age=1m, sex=M, microbiota=nan, tissue=BM",1-M-62,1-M-63,neutrophil maturing,0.0044630574685783,0.0060428249778453,470,0.0039046522288605,0.0047382188891343,548
tms_bm,"age=21m, sex=F, microbiota=nan, tissue=BM",21-F-54,21-F-55,B age,0.0111342454662277,0.0431035043067361,116,0.0059593945420377,0.0373672885853475,136
tms_bm,"age=21m, sex=F, microbiota=nan, tissue=BM",21-F-54,21-F-55,B naive,0.0019306682480632,0.0324584787138401,194,0.0031188107327728,0.0255198376997204,117
tms_bm,"age=21m, sex=F, microbiota=nan, tissue=BM",21-F-54,21-F-55,endothelial,0.0007658677770339,0.0132465732261816,135,0.0008121785384659,0.0253312215671989,145
tms_bm,"age=21m, sex=F, microbiota=nan, tissue=BM",21-F-54,21-F-55,erythrocyte,0.0763494821332932,0.0011899010877855,111,0.064418125995153,0.0029875248714733,247
tms_bm,"age=21m, sex=F, microbiota=nan, tissue=BM",21-F-54,21-F-55,fibroblast,0.0004736479374137,0.0227346005628529,221,0.0005924396344042,0.0215263599532273,243
tms_bm,"age=21m, sex=F, microbiota=nan, tissue=BM",21-F-54,21-F-55,monocyte,0.0127836200206778,0.021082080517709,312,0.009432607502604,0.0180693627122985,260
tms_bm,"age=21m, sex=F, microbiota=nan, tissue=BM",21-F-54,21-F-55,myeloid progenitor,0.0285393488752129,0.0063647855812886,131,0.0419877531554421,0.0128938669228321,123
tms_bm,"age=21m, sex=F, microbiota=nan, tissue=BM",21-F-54,21-F-55,myelomonocyte,0.0488603159045463,0.0462038185326611,196,0.0413877604459008,0.0805969860800063,158
tms_bm,"age=21m, sex=F, microbiota=nan, tissue=BM",21-F-54,21-F-55,neutrophil,0.0015630262564236,0.0076015901953592,973,0.0016855806103747,0.0087305270617801,807
tms_bm,"age=21m, sex=F, microbiota=nan, tissue=BM",21-F-54,21-F-55,neutrophil immature,0.0618766123245121,0.0087908493326442,558,0.0898751266654555,0.0050339164177095,641
tms_bm,"age=21m, sex=F, microbiota=nan, tissue=BM",21-F-54,21-F-55,neutrophil maturing,0.0037081888260657,0.006049428070305,1067,0.0040531691988642,0.0041443214520184,1013
tms_bm,"age=21m, sex=F, microbiota=nan, tissue=BM",21-F-54,21-F-55,neutrophil progenitor,0.0491501536276469,0.0179185692114143,160,0.0675279864466163,0.0124885675055049,142
tms_bm,"age=24m, sex=M, microbiota=nan, tissue=BM",24-M-58,24-M-60,erythrocyte,0.0654704492633348,0.0012847302819254,1323,0.0804630047375415,0.0027004753481835,1669
tms_bm,"age=24m, sex=M, microbiota=nan, tissue=BM",24-M-58,24-M-60,monocyte,0.0088872856798098,0.0189965988194762,290,0.0183096825849441,0.0209029760054829,102
tms_bm,"age=24m, sex=M, microbiota=nan, tissue=BM",24-M-58,24-M-60,neutrophil,0.001442117020061,0.010534267730514,596,0.0015510132877306,0.0111686775088808,439
tms_bm,"age=24m, sex=M, microbiota=nan, tissue=BM",24-M-58,24-M-60,neutrophil immature,0.0663208598506093,0.0063037154235789,572,0.0632177329944724,0.0046349707293688,206
tms_bm,"age=24m, sex=M, microbiota=nan, tissue=BM",24-M-58,24-M-60,neutrophil maturing,0.0034952584949312,0.006754627337193,630,0.0032688389829112,0.0044905943088487,431
tms_bm,"age=30m, sex=M, microbiota=nan, tissue=BM",30-M-2,30-M-5,T CD8,0.0029183838209421,0.0208270107334428,309,0.0061889199024046,0.0308673517612151,270
tms_bm,"age=30m, sex=M, microbiota=nan, tissue=BM",30-M-2,30-M-5,Treg,0.0016551486136128,0.021757536040865,102,0.0024712337110311,0.0229231595237205,109
tms_bm,"age=30m, sex=M, microbiota=nan, tissue=BM",30-M-2,30-M-5,erythrocyte,0.0555797133294612,0.0026619125300818,3799,0.0823358765150266,0.0017956513884186,1345
tms_bm,"age=30m, sex=M, microbiota=nan, tissue=BM",30-M-2,30-M-5,macrophage,0.002270524722294,0.0171529928228184,214,0.0020023583344184,0.0287913590158082,159
tms_bm,"age=30m, sex=M, microbiota=nan, tissue=BM",30-M-2,30-M-5,monocyte,0.0235104724673768,0.013719730830282,496,0.0151195342465121,0.0183406194007461,583
tms_bm,"age=30m, sex=M, microbiota=nan, tissue=BM",30-M-2,30-M-5,myelomonocyte,0.0553680572176383,0.0219434882863354,464,0.0549535090015933,0.0204668829848984,106
tms_bm,"age=30m, sex=M, microbiota=nan, tissue=BM",30-M-2,30-M-5,neutrophil,0.0016287022876174,0.0077885287957593,2235,0.0015960431689704,0.01905803948802,916
tms_bm,"age=30m, sex=M, microbiota=nan, tissue=BM",30-M-2,30-M-5,neutrophil immature,0.056426972456732,0.0049346972465725,2028,0.0602127488628708,0.0048858011552276,463
tms_bm,"age=30m, sex=M, microbiota=nan, tissue=BM",30-M-2,30-M-5,neutrophil maturing,0.003248714751976,0.006015890252566,4429,0.0037958131722011,0.005226755883912,1150
tms_bm,"age=3m, sex=F, microbiota=nan, tissue=BM",3-F-57,3-F-56,B immature,0.0049622122083906,0.0410224115293296,200,0.0085656667339204,0.0416293366707881,293
tms_bm,"age=3m, sex=F, microbiota=nan, tissue=BM",3-F-57,3-F-56,B naive,0.0026694133887984,0.0432948614113813,457,0.0035882814297411,0.0445178583142825,498
tms_bm,"age=3m, sex=F, microbiota=nan, tissue=BM",3-F-57,3-F-56,B pre,0.1552187600582442,0.0219296045396457,177,0.1625479594864011,0.0250192312991124,239
tms_bm,"age=3m, sex=F, microbiota=nan, tissue=BM",3-F-57,3-F-56,dendritic,0.0114573649001681,0.0351746008094479,185,0.0465092504916483,0.0289897062352982,132
tms_bm,"age=3m, sex=F, microbiota=nan, tissue=BM",3-F-57,3-F-56,erythrocyte,0.0377145673768359,0.0030103262120331,497,0.0287571241436055,0.0040769955812822,454
tms_bm,"age=3m, sex=F, microbiota=nan, tissue=BM",3-F-57,3-F-56,monocyte,0.0315727312889852,0.0330203711867687,382,0.0276742846646897,0.0385209578365685,350
tms_bm,"age=3m, sex=F, microbiota=nan, tissue=BM",3-F-57,3-F-56,neutrophil,0.001740435067797,0.0208483754212989,524,0.0022682524787039,0.0228967783585674,681
tms_bm,"age=3m, sex=F, microbiota=nan, tissue=BM",3-F-57,3-F-56,neutrophil immature,0.0860961146816999,0.0141096218158851,306,0.1297387895124155,0.0081594376182227,221
tms_bm,"age=3m, sex=F, microbiota=nan, tissue=BM",3-F-57,3-F-56,neutrophil maturing,0.0039911076131781,0.0067629504709037,573,0.0049636011494985,0.0059922531255087,603
