dataset,sample,animal,age,celltype,cell_count,prolif_rate,death_rate,growth_rate,turn_over,sex,microbiota,tissue
tms_bm,1-M-62__B immature,1-M-62,1m,B immature,416,0.003069670690790992,0.024129220572043496,-0.021059549881252505,0.019232520452705806,M,NA,BM
tms_bm,1-M-62__B naive,1-M-62,1m,B naive,252,0.0024954773722387935,0.02317289207701353,-0.020677414704774737,0.018150278099567926,M,NA,BM
tms_bm,1-M-62__B pre,1-M-62,1m,B pre,175,0.1156214253279599,0.011321128923751244,0.10430029640420865,0.08976194093252615,M,NA,BM
tms_bm,1-M-62__erythrocyte,1-M-62,1m,erythrocyte,1063,0.03895992100325575,0.006466377841358387,0.03249354316189736,0.032121243957233286,M,NA,BM
tms_bm,1-M-62__monocyte,1-M-62,1m,monocyte,176,0.011898249697910836,0.01282851359952061,-0.0009302639016097736,0.017484462004408414,M,NA,BM
tms_bm,1-M-62__myeloid progenitor,1-M-62,1m,myeloid progenitor,110,0.027141810637316792,0.010129611909667156,0.017012198727649634,0.026354875627441536,M,NA,BM
tms_bm,1-M-62__neutrophil,1-M-62,1m,neutrophil,346,0.002231589963141474,0.008239331921494836,-0.006007741958353362,0.00740405986990096,M,NA,BM
tms_bm,1-M-62__neutrophil immature,1-M-62,1m,neutrophil immature,289,0.0884939022233321,0.007307999895569218,0.08118590232776289,0.06774217463884499,M,NA,BM
tms_bm,1-M-62__neutrophil maturing,1-M-62,1m,neutrophil maturing,470,0.004463057468578338,0.0060428249778453486,-0.0015797675092670107,0.007428780720214905,M,NA,BM
tms_bm,1-M-63__B immature,1-M-63,1m,B immature,445,0.0038304000173645927,0.024905986822177675,-0.02107558680481308,0.0203196940010402,M,NA,BM
tms_bm,1-M-63__B naive,1-M-63,1m,B naive,217,0.0025804457959705727,0.02844607344221256,-0.02586562764624199,0.021939062149934168,M,NA,BM
tms_bm,1-M-63__B pre,1-M-63,1m,B pre,165,0.11809725562076588,0.012232314611121344,0.10586494100964454,0.09215692290009588,M,NA,BM
tms_bm,1-M-63__erythrocyte,1-M-63,1m,erythrocyte,569,0.05783305182483111,0.0025305831579777527,0.05530246866685336,0.042683535633413656,M,NA,BM
tms_bm,1-M-63__monocyte,1-M-63,1m,monocyte,198,0.010841735211199674,0.010293505808212922,0.0005482294029867524,0.014944872246838726,M,NA,BM
tms_bm,1-M-63__myeloid progenitor,1-M-63,1m,myeloid progenitor,123,0.027743681136874036,0.024014350404096895,0.0037293307327771405,0.03659845508348776,M,NA,BM
tms_bm,1-M-63__neutrophil,1-M-63,1m,neutrophil,401,0.001623618535436112,0.005564008079942043,-0.003940389544505931,0.005082419520370807,M,NA,BM
tms_bm,1-M-63__neutrophil immature,1-M-63,1m,neutrophil immature,274,0.09834109768037183,0.009897395692449124,0.0884437019879227,0.07653617264933689,M,NA,BM
tms_bm,1-M-63__neutrophil maturing,1-M-63,1m,neutrophil maturing,548,0.003904652228860537,0.0047382188891343,-0.0008335666602737627,0.006111432776455507,M,NA,BM
tms_bm,1-M-63__neutrophil progenitor,1-M-63,1m,neutrophil progenitor,101,0.06726331422360651,0.006206497905800319,0.06105681631780619,0.05195100236920523,M,NA,BM
tms_bm,18-M-52__B naive,18-M-52,18m,B naive,146,0.001040903717224363,0.040748505757705986,-0.03970760204048162,0.029549574821504613,M,NA,BM
tms_bm,18-M-52__erythrocyte,18-M-52,18m,erythrocyte,487,0.02551276999648058,0.0034101846224088017,0.022102585374071778,0.02045161734296746,M,NA,BM
tms_bm,18-M-52__macrophage,18-M-52,18m,macrophage,110,0.0007137314382774195,0.018810483542117087,-0.018096752103839667,0.013805704809980933,M,NA,BM
tms_bm,18-M-52__monocyte,18-M-52,18m,monocyte,177,0.01826048548625036,0.028453181977337864,-0.010192696491087505,0.033031551037596626,M,NA,BM
tms_bm,18-M-52__myeloid progenitor,18-M-52,18m,myeloid progenitor,191,0.017110541601681194,0.029618808139794176,-0.012508266538112982,0.03304264008263508,M,NA,BM
tms_bm,18-M-52__myelomonocyte,18-M-52,18m,myelomonocyte,105,0.039711324770996356,0.03557759791963399,0.004133726851362367,0.05323730778277444,M,NA,BM
tms_bm,18-M-52__neutrophil,18-M-52,18m,neutrophil,546,0.0019578781425805564,0.011417701159902673,-0.009459823017322117,0.009457962827084323,M,NA,BM
tms_bm,18-M-52__neutrophil immature,18-M-52,18m,neutrophil immature,507,0.0711167936570042,0.010757403159104293,0.06035939049789991,0.05789379977287236,M,NA,BM
tms_bm,18-M-52__neutrophil maturing,18-M-52,18m,neutrophil maturing,1119,0.0036913450902806557,0.0065674748970693565,-0.002876129806788701,0.007254081180027286,M,NA,BM
tms_bm,18-M-52__neutrophil progenitor,18-M-52,18m,neutrophil progenitor,192,0.03801118856403096,0.01580449246855091,0.022206696095480052,0.038053432992310905,M,NA,BM
tms_bm,18-M-53__erythrocyte,18-M-53,18m,erythrocyte,111,0.03453634403586842,0.0031655786156610808,0.03137076542020734,0.026659285170667214,M,NA,BM
tms_bm,18-M-53__fibroblast,18-M-53,18m,fibroblast,109,0.00038278113604661246,0.014679276659755588,-0.014296495523708977,0.01065048320603544,M,NA,BM
tms_bm,18-M-53__macrophage,18-M-53,18m,macrophage,191,0.0005153146185734846,0.021722944141360525,-0.02120762952278704,0.015724823570930482,M,NA,BM
tms_bm,18-M-53__neutrophil,18-M-53,18m,neutrophil,110,0.00319237596985482,0.006378339981437818,-0.0031859640115829983,0.0067675181499692845,M,NA,BM
tms_bm,18-M-53__neutrophil immature,18-M-53,18m,neutrophil immature,321,0.09676683879652759,0.0052523270355130285,0.09151451176101456,0.07213844397083086,M,NA,BM
tms_bm,18-M-53__neutrophil maturing,18-M-53,18m,neutrophil maturing,339,0.005945431407491931,0.00807772857032752,-0.0021322971628355896,0.00991587151397993,M,NA,BM
tms_bm,18-M-53__neutrophil progenitor,18-M-53,18m,neutrophil progenitor,102,0.053598623790644374,0.009138026438687314,0.04446059735195706,0.04436151080608901,M,NA,BM
tms_bm,21-F-54__B age,21-F-54,21m,B age,116,0.011134245466227767,0.043103504306736186,-0.03196925884050842,0.03835188066076194,F,NA,BM
tms_bm,21-F-54__B immature,21-F-54,21m,B immature,150,0.004080655659998578,0.036241959823685756,-0.03216130416368718,0.028512394843690874,F,NA,BM
tms_bm,21-F-54__B naive,21-F-54,21m,B naive,194,0.0019306682480632164,0.03245847871384012,-0.030527810465776902,0.02431679901598261,F,NA,BM
tms_bm,21-F-54__B pre,21-F-54,21m,B pre,126,0.09922755528405174,0.017067957027019565,0.08215959825703217,0.08223334537672214,F,NA,BM
tms_bm,21-F-54__endothelial,21-F-54,21m,endothelial,135,0.0007658677770339898,0.013246573226181658,-0.012480705449147669,0.009908292054350214,F,NA,BM
tms_bm,21-F-54__erythrocyte,21-F-54,21m,erythrocyte,111,0.07634948213329329,0.0011899010877855012,0.0751595810455078,0.054828623684647214,F,NA,BM
tms_bm,21-F-54__fibroblast,21-F-54,21m,fibroblast,221,0.0004736479374137704,0.022734600562852904,-0.022260952625439135,0.016410709894001087,F,NA,BM
tms_bm,21-F-54__monocyte,21-F-54,21m,monocyte,312,0.012783620020677802,0.02108208051770901,-0.008298460497031208,0.02394666650032623,F,NA,BM
tms_bm,21-F-54__myeloid progenitor,21-F-54,21m,myeloid progenitor,131,0.02853934887521293,0.006364785581288689,0.02217456329392424,0.024680950165639325,F,NA,BM
tms_bm,21-F-54__myelomonocyte,21-F-54,21m,myelomonocyte,196,0.048860315904546335,0.04620381853266112,0.002656497371885218,0.067220494108179,F,NA,BM
tms_bm,21-F-54__neutrophil,21-F-54,21m,neutrophil,973,0.0015630262564236461,0.00760159019535921,-0.006038563938935563,0.006480362440029455,F,NA,BM
tms_bm,21-F-54__neutrophil immature,21-F-54,21m,neutrophil immature,558,0.06187661232451213,0.008790849332644204,0.05308576299186793,0.04996944134701558,F,NA,BM
tms_bm,21-F-54__neutrophil maturing,21-F-54,21m,neutrophil maturing,1067,0.003708188826065756,0.006049428070305055,-0.002341239244239299,0.006899677075644235,F,NA,BM
tms_bm,21-F-54__neutrophil progenitor,21-F-54,21m,neutrophil progenitor,160,0.04915015362764698,0.017918569211414395,0.031231584416232583,0.04742474872502138,F,NA,BM
tms_bm,21-F-55__B age,21-F-55,21m,B age,136,0.005959394542037795,0.03736728858534755,-0.03140789404330975,0.03063659144569495,F,NA,BM
tms_bm,21-F-55__B naive,21-F-55,21m,B naive,117,0.0031188107327728572,0.025519837699720452,-0.022401026966947596,0.020250582510633507,F,NA,BM
tms_bm,21-F-55__endothelial,21-F-55,21m,endothelial,145,0.0008121785384659815,0.025331221567198952,-0.02451904302873297,0.01848617549798878,F,NA,BM
tms_bm,21-F-55__erythrocyte,21-F-55,21m,erythrocyte,247,0.06441812599515305,0.002987524871473363,0.061430601123679686,0.04766299281808442,F,NA,BM
tms_bm,21-F-55__fibroblast,21-F-55,21m,fibroblast,243,0.0005924396344042357,0.021526359953227332,-0.020933920318823098,0.015640353180120494,F,NA,BM
tms_bm,21-F-55__monocyte,21-F-55,21m,monocyte,260,0.009432607502604079,0.018069362712298535,-0.008636755209694456,0.01944682963494809,F,NA,BM
tms_bm,21-F-55__myeloid progenitor,21-F-55,21m,myeloid progenitor,123,0.041987753155442176,0.012893866922832148,0.029093886232610028,0.03880716571985156,F,NA,BM
tms_bm,21-F-55__myelomonocyte,21-F-55,21m,myelomonocyte,158,0.04138776044590089,0.08059698608000633,-0.03920922563410544,0.08625624146979113,F,NA,BM
tms_bm,21-F-55__neutrophil,21-F-55,21m,neutrophil,807,0.0016855806103747103,0.008730527061780171,-0.0070449464514054615,0.007365300368549941,F,NA,BM
tms_bm,21-F-55__neutrophil immature,21-F-55,21m,neutrophil immature,641,0.08987512666545552,0.005033916417709547,0.08484121024774598,0.06711082796003222,F,NA,BM
tms_bm,21-F-55__neutrophil maturing,21-F-55,21m,neutrophil maturing,1013,0.004053169198864259,0.004144321452018432,-9.11522531541727e-05,0.005796501227952475,F,NA,BM
tms_bm,21-F-55__neutrophil progenitor,21-F-55,21m,neutrophil progenitor,142,0.06752798644661635,0.012488567505504944,0.05503941894111141,0.05658024790672422,F,NA,BM
tms_bm,24-M-58__B naive,24-M-58,24m,B naive,197,0.0029181750518013855,0.035349690521628396,-0.03243151546982701,0.02705946724850743,M,NA,BM
tms_bm,24-M-58__erythrocyte,24-M-58,24m,erythrocyte,1323,0.06547044926333484,0.001284730281925435,0.0641857189814094,0.047203040135779056,M,NA,BM
tms_bm,24-M-58__monocyte,24-M-58,24m,monocyte,290,0.00888728567980983,0.01899659881947626,-0.010109313139666431,0.019716883815267653,M,NA,BM
tms_bm,24-M-58__myeloid progenitor,24-M-58,24m,myeloid progenitor,223,0.020040340137550298,0.016030296973877377,0.00401004316367292,0.025505792103209652,M,NA,BM
tms_bm,24-M-58__neutrophil,24-M-58,24m,neutrophil,596,0.001442117020061066,0.010534267730514017,-0.009092150710452952,0.0084685828712308,M,NA,BM
tms_bm,24-M-58__neutrophil immature,24-M-58,24m,neutrophil immature,572,0.06632085985060931,0.006303715423578959,0.06001714442703036,0.051353329657171404,M,NA,BM
tms_bm,24-M-58__neutrophil maturing,24-M-58,24m,neutrophil maturing,630,0.003495258494931296,0.006754627337193011,-0.0032593688422617156,0.007247763778283017,M,NA,BM
tms_bm,24-M-58__neutrophil progenitor,24-M-58,24m,neutrophil progenitor,152,0.031833279404650514,0.011983471911929292,0.019849807492721222,0.030983121985518166,M,NA,BM
tms_bm,24-M-59__B naive,24-M-59,24m,B naive,241,0.003603403931869973,0.052409904376348834,-0.04880650044447886,0.03960739014143431,M,NA,BM
tms_bm,24-M-59__dendritic,24-M-59,24m,dendritic,134,0.0020163183902736914,0.009536198759842301,-0.00751988036956861,0.008168863216620907,M,NA,BM
tms_bm,24-M-59__endothelial,24-M-59,24m,endothelial,100,0.0005242344880930707,0.01990341446615978,-0.019379179978066707,0.014444529099250477,M,NA,BM
tms_bm,24-M-59__erythrocyte,24-M-59,24m,erythrocyte,192,0.07597303782077204,0.010490144869338773,0.06548289295143327,0.061138702803148676,M,NA,BM
tms_bm,24-M-59__macrophage,24-M-59,24m,macrophage,186,0.0007433133477634095,0.015910008998490648,-0.015166695650727239,0.01177567716032171,M,NA,BM
tms_bm,24-M-59__monocyte,24-M-59,24m,monocyte,260,0.019327705462196535,0.052344650761634914,-0.03301694529943838,0.050680009109489076,M,NA,BM
tms_bm,24-M-59__myeloid progenitor,24-M-59,24m,myeloid progenitor,300,0.027194495991329552,0.008253464492300357,0.018941031499029197,0.025065493237207477,M,NA,BM
tms_bm,24-M-59__myelomonocyte,24-M-59,24m,myelomonocyte,166,0.03883572581040694,0.03557279345279548,0.0032629323576114574,0.052614768549060276,M,NA,BM
tms_bm,24-M-59__neutrophil,24-M-59,24m,neutrophil,123,0.0024926989856296784,0.054067501380135274,-0.0515748023945056,0.03999410122390225,M,NA,BM
tms_bm,24-M-59__neutrophil immature,24-M-59,24m,neutrophil immature,336,0.06986148996964235,0.006957366693914719,0.06290412327572763,0.054319134469798615,M,NA,BM
tms_bm,24-M-59__neutrophil maturing,24-M-59,24m,neutrophil maturing,356,0.005379646319080904,0.01101361341146204,-0.005633967092381136,0.011591785121219273,M,NA,BM
tms_bm,24-M-59__neutrophil progenitor,24-M-59,24m,neutrophil progenitor,270,0.03396498575279139,0.041296536092832396,-0.007331550340041008,0.05321793245946007,M,NA,BM
tms_bm,24-M-60__B age,24-M-60,24m,B age,505,0.006121750758244987,0.09568595731334657,-0.08956420655510158,0.07198892075448281,M,NA,BM
tms_bm,24-M-60__T CD8,24-M-60,24m,T CD8,107,0.005700850289033216,0.01498258977779835,-0.009281739488765133,0.014625400729522139,M,NA,BM
tms_bm,24-M-60__erythrocyte,24-M-60,24m,erythrocyte,1669,0.08046300473754157,0.002700475348183501,0.07776252938935807,0.05880546071568861,M,NA,BM
tms_bm,24-M-60__macrophage,24-M-60,24m,macrophage,108,0.0012347601843099008,0.02411034273766446,-0.02287558255335456,0.01792169414599905,M,NA,BM
tms_bm,24-M-60__monocyte,24-M-60,24m,monocyte,102,0.018309682584944177,0.0209029760054829,-0.002593293420538722,0.027727536797643917,M,NA,BM
tms_bm,24-M-60__neutrophil,24-M-60,24m,neutrophil,439,0.0015510132877306969,0.011168677508880832,-0.009617664221150134,0.008994179616880132,M,NA,BM
tms_bm,24-M-60__neutrophil immature,24-M-60,24m,neutrophil immature,206,0.06321773299447249,0.004634970729368815,0.05858276226510367,0.0479791069249699,M,NA,BM
tms_bm,24-M-60__neutrophil maturing,24-M-60,24m,neutrophil maturing,431,0.0032688389829112117,0.004490594308848787,-0.0012217553259375757,0.00548674789876815,M,NA,BM
tms_bm,24-M-61__B naive,24-M-61,24m,B naive,228,0.001549747751554601,0.042322133254285736,-0.040772385502731136,0.031022104562638996,M,NA,BM
tms_bm,24-M-61__erythrocyte,24-M-61,24m,erythrocyte,1457,0.072391279725377,0.0028523169327072597,0.06953896279266973,0.05320525743779683,M,NA,BM
tms_bm,24-M-61__monocyte,24-M-61,24m,monocyte,141,0.011187767260738495,0.02291215727712339,-0.011724390016384895,0.024112287878671687,M,NA,BM
tms_bm,24-M-61__neutrophil,24-M-61,24m,neutrophil,492,0.001720257408213319,0.010289414452952304,-0.008569157044738986,0.008492120412855478,M,NA,BM
tms_bm,24-M-61__neutrophil immature,24-M-61,24m,neutrophil immature,250,0.07883131253495818,0.00704610840590709,0.07178520412905108,0.06072450669809746,M,NA,BM
tms_bm,24-M-61__neutrophil maturing,24-M-61,24m,neutrophil maturing,621,0.0038224212621866017,0.004685177221510989,-0.0008627559593243871,0.006015780579434956,M,NA,BM
tms_bm,3-F-56__B immature,3-F-56,3m,B immature,293,0.008565666733920452,0.04162933667078817,-0.03306366993686772,0.03549322728915131,F,NA,BM
tms_bm,3-F-56__B naive,3-F-56,3m,B naive,498,0.003588281429741192,0.04451785831428252,-0.040929576884541324,0.03401617762970685,F,NA,BM
tms_bm,3-F-56__B pre,3-F-56,3m,B pre,239,0.1625479594864011,0.025019231299112463,0.13752872818728865,0.13263003253254757,F,NA,BM
tms_bm,3-F-56__dendritic,3-F-56,3m,dendritic,132,0.04650925049164839,0.028989706235298257,0.017519544256350134,0.053385824274133686,F,NA,BM
tms_bm,3-F-56__erythrocyte,3-F-56,3m,erythrocyte,454,0.028757124143605536,0.004076995581282271,0.024680128562323263,0.023217228711759148,F,NA,BM
tms_bm,3-F-56__monocyte,3-F-56,3m,monocyte,350,0.02767428466468971,0.03852095783656855,-0.010846673171878842,0.04680710485492768,F,NA,BM
tms_bm,3-F-56__neutrophil,3-F-56,3m,neutrophil,681,0.0022682524787039134,0.022896778358567484,-0.020628525879863573,0.017794363953803186,F,NA,BM
tms_bm,3-F-56__neutrophil immature,3-F-56,3m,neutrophil immature,221,0.12973878951241552,0.008159437618222782,0.12157935189419274,0.09750877151767709,F,NA,BM
tms_bm,3-F-56__neutrophil maturing,3-F-56,3m,neutrophil maturing,603,0.004963601149498507,0.005992253125508735,-0.0010286519760102277,0.007746958851549248,F,NA,BM
tms_bm,3-F-57__B immature,3-F-57,3m,B immature,200,0.004962212208390614,0.04102241152932963,-0.03606019932093901,0.03251603927525387,F,NA,BM
tms_bm,3-F-57__B naive,3-F-57,3m,B naive,457,0.0026694133887984334,0.04329486141138138,-0.040625448022582944,0.032501650403529085,F,NA,BM
tms_bm,3-F-57__B pre,3-F-57,3m,B pre,177,0.1552187600582442,0.021929604539645747,0.13328915551859846,0.1252628098832749,F,NA,BM
tms_bm,3-F-57__dendritic,3-F-57,3m,dendritic,185,0.011457364900168117,0.03517460080944795,-0.023717235909279835,0.03297377917332808,F,NA,BM
tms_bm,3-F-57__erythrocyte,3-F-57,3m,erythrocyte,497,0.03771456737683593,0.003010326212033107,0.03470424116480282,0.028796848419789852,F,NA,BM
tms_bm,3-F-57__monocyte,3-F-57,3m,monocyte,382,0.03157273128898526,0.033020371186768746,-0.001447639897783487,0.04567422077848323,F,NA,BM
tms_bm,3-F-57__myeloid progenitor,3-F-57,3m,myeloid progenitor,192,0.051787470152106434,0.022690396054917027,0.029097074097189406,0.0526638042432907,F,NA,BM
tms_bm,3-F-57__neutrophil,3-F-57,3m,neutrophil,524,0.0017404350677970584,0.020848375421298974,-0.019107940353501916,0.01597270107577762,F,NA,BM
tms_bm,3-F-57__neutrophil immature,3-F-57,3m,neutrophil immature,306,0.08609611468169992,0.014109621815885104,0.07198649286581482,0.07085615579123469,F,NA,BM
tms_bm,3-F-57__neutrophil maturing,3-F-57,3m,neutrophil maturing,573,0.003991107613178105,0.006762950470903788,-0.002771842857725683,0.007604267396528319,F,NA,BM
tms_bm,3-F-57__neutrophil progenitor,3-F-57,3m,neutrophil progenitor,103,0.08130783156478466,0.020362008239555387,0.06094582332522927,0.07189143316779882,F,NA,BM
tms_bm,30-M-2__ILC,30-M-2,30m,ILC,110,0.0016138117610128523,0.0354960140673385,-0.03388220230632565,0.02624060949187893,M,NA,BM
tms_bm,30-M-2__T CD8,30-M-2,30m,T CD8,309,0.00291838382094215,0.02082701073344287,-0.017908626912500718,0.016790529511355765,M,NA,BM
tms_bm,30-M-2__Treg,30-M-2,30m,Treg,102,0.0016551486136128029,0.021757536040865028,-0.020102387427252226,0.016555268084963496,M,NA,BM
tms_bm,30-M-2__erythrocyte,30-M-2,30m,erythrocyte,3799,0.055579713329461225,0.0026619125300818792,0.05291780079937935,0.041183048592612716,M,NA,BM
tms_bm,30-M-2__macrophage,30-M-2,30m,macrophage,214,0.002270524722294038,0.01715299282281846,-0.014882468100524423,0.013734500970644931,M,NA,BM
tms_bm,30-M-2__monocyte,30-M-2,30m,monocyte,496,0.02351047246737687,0.013719730830282056,0.009790741637094815,0.026325729216728395,M,NA,BM
tms_bm,30-M-2__monocyte pro,30-M-2,30m,monocyte pro,477,0.10636924868660178,0.021532809052904306,0.08483643963369747,0.0904404123553181,M,NA,BM
tms_bm,30-M-2__myelomonocyte,30-M-2,30m,myelomonocyte,464,0.05536805721763836,0.021943488286335477,0.033424568931302884,0.05466751808987224,M,NA,BM
tms_bm,30-M-2__neutrophil,30-M-2,30m,neutrophil,2235,0.001628702287617473,0.0077885287957593086,-0.006159826508141836,0.00665898795905646,M,NA,BM
tms_bm,30-M-2__neutrophil immature,30-M-2,30m,neutrophil immature,2028,0.056426972456732,0.004934697246572558,0.05149227521015944,0.04338925275213578,M,NA,BM
tms_bm,30-M-2__neutrophil maturing,30-M-2,30m,neutrophil maturing,4429,0.003248714751976061,0.006015890252566071,-0.0027671755005900097,0.006551065023726568,M,NA,BM
tms_bm,30-M-2__neutrophil progenitor,30-M-2,30m,neutrophil progenitor,318,0.04037788577657145,0.012885614781255992,0.027492270995315454,0.037662982434173244,M,NA,BM
tms_bm,30-M-3__B immature,30-M-3,30m,B immature,132,0.007223155433462375,0.02558309547026876,-0.018359940036806386,0.02319752247933559,M,NA,BM
tms_bm,30-M-3__T CD8,30-M-3,30m,T CD8,341,0.002884824057144738,0.026549464573359896,-0.023664640516215158,0.020813185090031924,M,NA,BM
tms_bm,30-M-3__dendritic,30-M-3,30m,dendritic,102,0.008035432274370783,0.014652651271891274,-0.006617218997520491,0.016042897727688837,M,NA,BM
tms_bm,30-M-3__erythrocyte,30-M-3,30m,erythrocyte,2191,0.05793672671585934,0.002637439326181489,0.05529928738967785,0.04283240357304696,M,NA,BM
tms_bm,30-M-3__monocyte,30-M-3,30m,monocyte,127,0.02776093625598769,0.01818437225782374,0.00957656399816395,0.03248823921382408,M,NA,BM
tms_bm,30-M-3__monocyte pro,30-M-3,30m,monocyte pro,236,0.11105825166348753,0.01735289428598574,0.09370535737750178,0.090800392080808,M,NA,BM
tms_bm,30-M-3__myelomonocyte,30-M-3,30m,myelomonocyte,126,0.04595516463007035,0.03739917517427913,0.008555989455791217,0.058940418916983275,M,NA,BM
tms_bm,30-M-3__neutrophil,30-M-3,30m,neutrophil,743,0.001252081906813643,0.01485375207890829,-0.013601670172094646,0.011388544427968739,M,NA,BM
tms_bm,30-M-3__neutrophil immature,30-M-3,30m,neutrophil immature,721,0.043069710880823585,0.00654804560606897,0.03652166527475462,0.03508505207914454,M,NA,BM
tms_bm,30-M-3__neutrophil maturing,30-M-3,30m,neutrophil maturing,1564,0.002916146589104134,0.005024695823434344,-0.00210854923433021,0.005615023518239703,M,NA,BM
tms_bm,30-M-3__neutrophil progenitor,30-M-3,30m,neutrophil progenitor,137,0.02553282221211705,0.009406752277474478,0.01612606993464257,0.024706010053362676,M,NA,BM
tms_bm,30-M-5__B age,30-M-5,30m,B age,129,0.0019331153992781034,0.04636739969204179,-0.044434284292763686,0.034153621755875475,M,NA,BM
tms_bm,30-M-5__B immature,30-M-5,30m,B immature,206,0.004901272394857324,0.025417547522684793,-0.02051627512782747,0.021438643161267795,M,NA,BM
tms_bm,30-M-5__B naive,30-M-5,30m,B naive,502,0.002433914813719664,0.037390680236775775,-0.03495676542305611,0.028160241218213544,M,NA,BM
tms_bm,30-M-5__T CD8,30-M-5,30m,T CD8,270,0.0061889199024046,0.030867351761215144,-0.024678431858810544,0.02620274097883643,M,NA,BM
tms_bm,30-M-5__Treg,30-M-5,30m,Treg,109,0.002471233711031168,0.02292315952372059,-0.020451925812689422,0.017956547660410754,M,NA,BM
tms_bm,30-M-5__alveolar epithelial,30-M-5,30m,alveolar epithelial,110,0.0006188033877367851,0.06139888980475289,-0.0607800864170161,0.04385313140995624,M,NA,BM
tms_bm,30-M-5__dendritic,30-M-5,30m,dendritic,108,0.0121011862850596,0.016150411480406995,-0.0040492251953473946,0.019976896359316144,M,NA,BM
tms_bm,30-M-5__endothelial,30-M-5,30m,endothelial,267,0.0006025561195770123,0.01314224676768998,-0.012539690648112969,0.00971904332765893,M,NA,BM
tms_bm,30-M-5__erythrocyte,30-M-5,30m,erythrocyte,1345,0.08233587651502662,0.0017956513884186125,0.08054022512660801,0.05948997389211137,M,NA,BM
tms_bm,30-M-5__fibroblast,30-M-5,30m,fibroblast,105,0.000491374916711187,0.01623087082244915,-0.015739495905737963,0.011824413358828124,M,NA,BM
tms_bm,30-M-5__macrophage,30-M-5,30m,macrophage,159,0.0020023583344184843,0.028791359015808232,-0.026789000681389747,0.021774446356287155,M,NA,BM
tms_bm,30-M-5__monocyte,30-M-5,30m,monocyte,583,0.015119534246512136,0.018340619400746157,-0.0032210851542340217,0.023659901543520132,M,NA,BM
tms_bm,30-M-5__myelomonocyte,30-M-5,30m,myelomonocyte,106,0.05495350900159333,0.020466882984898425,0.0344866260166949,0.05333027061339587,M,NA,BM
tms_bm,30-M-5__neutrophil,30-M-5,30m,neutrophil,916,0.0015960431689704976,0.019058039488020023,-0.017461996319049523,0.014604641905945464,M,NA,BM
tms_bm,30-M-5__neutrophil immature,30-M-5,30m,neutrophil immature,463,0.06021274886287088,0.00488580115522765,0.05532694770764323,0.04603162616320912,M,NA,BM
tms_bm,30-M-5__neutrophil maturing,30-M-5,30m,neutrophil maturing,1150,0.003795813172201198,0.005226755883912061,-0.0014309427117108631,0.006379919763301593,M,NA,BM
tms_bm,30-M-5__plasma,30-M-5,30m,plasma,123,0.004377348091683743,0.018070639848805962,-0.013693291757122219,0.015873124496714113,M,NA,BM
mukin_bm,GF_19m_2__B immature,GF_19m_2,19m,B immature,111,0.0020208793819652135,0.03802860381463465,-0.03600772443266944,0.028319261151332455,F,GF,BM
mukin_bm,GF_19m_2__monocyte,GF_19m_2,19m,monocyte,156,0.012333192022646797,0.038590473621569046,-0.02625728159892225,0.03600846929990144,F,GF,BM
mukin_bm,GF_19m_2__neutrophil maturing,GF_19m_2,19m,neutrophil maturing,190,0.0037051337363402793,0.007926356638410981,-0.004221222902070701,0.008224705719292675,F,GF,BM
mukin_bm,GF_19m_3__B age,GF_19m_3,19m,B age,135,0.004654047375516648,0.06594898589114043,-0.06129493851562378,0.04992388359519263,F,GF,BM
mukin_bm,GF_19m_3__B immature,GF_19m_3,19m,B immature,115,0.002749881514014638,0.05863502158975342,-0.05588514007573878,0.04340568124715355,F,GF,BM
mukin_bm,GF_19m_3__monocyte,GF_19m_3,19m,monocyte,155,0.025467479301156334,0.061713530031502005,-0.036246050730345675,0.0616462828898104,F,GF,BM
mukin_bm,GF_19m_3__monocyte pro,GF_19m_3,19m,monocyte pro,104,0.1376341492092726,0.060866131312228115,0.07676801789704449,0.14036089442418512,F,GF,BM
mukin_bm,GF_19m_3__neutrophil maturing,GF_19m_3,19m,neutrophil maturing,180,0.004387580308228006,0.009898752380203909,-0.005511172071975903,0.010101962722277247,F,GF,BM
mukin_bm,GF_2m_2__B immature,GF_2m_2,2m,B immature,290,0.0018979939755023314,0.03234196995491727,-0.030443975979414936,0.024211310682782494,F,GF,BM
mukin_bm,GF_2m_2__B pre,GF_2m_2,2m,B pre,102,0.17513656393162425,0.012183577844648089,0.16295298608697617,0.13245534250282767,F,GF,BM
mukin_bm,GF_2m_2__monocyte,GF_2m_2,2m,monocyte,166,0.013749066157992812,0.03078808134044343,-0.017039015182450615,0.03149251901084975,F,GF,BM
mukin_bm,GF_2m_2__neutrophil maturing,GF_2m_2,2m,neutrophil maturing,109,0.0036199593104719124,0.01306166729901335,-0.009441707988541437,0.011795691296788985,F,GF,BM
mukin_bm,GF_2m_3__B immature,GF_2m_3,2m,B immature,272,0.0023001613426188172,0.03454834781866751,-0.03224818647604869,0.026055830704560183,F,GF,BM
mukin_bm,GF_2m_3__B naive,GF_2m_3,2m,B naive,150,0.0016294978134513667,0.04044901125338923,-0.038819513439937864,0.029753999103382615,F,GF,BM
mukin_bm,GF_2m_3__B pre,GF_2m_3,2m,B pre,206,0.10569089840356832,0.021032262639297753,0.08465863576427057,0.08960680650680553,F,GF,BM
mukin_bm,GF_2m_3__monocyte,GF_2m_3,2m,monocyte,162,0.0069276085204895265,0.032797221033384893,-0.025869612512895365,0.02808969635902438,F,GF,BM
mukin_bm,GF_2m_3__neutrophil maturing,GF_2m_3,2m,neutrophil maturing,167,0.004013795928855406,0.008265966155619668,-0.0042521702267642614,0.00868310304128978,F,GF,BM
mukin_bm,SPF_19m_1__B age,SPF_19m_1,19m,B age,173,0.003308822116951896,0.07805958977840348,-0.07475076766145158,0.057536155825585925,F,SPF,BM
mukin_bm,SPF_19m_1__T CD8,SPF_19m_1,19m,T CD8,279,0.0048728052609602135,0.04733684542589401,-0.0424640401649338,0.03691779804405551,F,SPF,BM
mukin_bm,SPF_19m_1__dendritic,SPF_19m_1,19m,dendritic,220,0.027124534624632927,0.043671299769606334,-0.016546765144973406,0.0500602145799264,F,SPF,BM
mukin_bm,SPF_19m_1__monocyte,SPF_19m_1,19m,monocyte,215,0.014856515229033977,0.058975014981460835,-0.04411849975242686,0.05220677567722033,F,SPF,BM
mukin_bm,SPF_19m_1__monocyte pro,SPF_19m_1,19m,monocyte pro,133,0.136605228016429,0.055792871920103314,0.08081235609632567,0.13604600115252907,F,SPF,BM
mukin_bm,SPF_19m_1__neutrophil maturing,SPF_19m_1,19m,neutrophil maturing,129,0.006884148842540971,0.022759347249062558,-0.015875198406521587,0.020961117104449773,F,SPF,BM
mukin_bm,SPF_19m_2__T CD8,SPF_19m_2,19m,T CD8,327,0.0061772971974588895,0.059175955819123674,-0.052998658621664786,0.04621172838062573,F,SPF,BM
mukin_bm,SPF_19m_2__dendritic,SPF_19m_2,19m,dendritic,223,0.01031951877949836,0.06097862846957273,-0.050659109690074366,0.05041540340585516,F,SPF,BM
mukin_bm,SPF_19m_2__monocyte,SPF_19m_2,19m,monocyte,288,0.011557580161318666,0.07286447142062831,-0.061306891259309645,0.05969540515527521,F,SPF,BM
mukin_bm,SPF_19m_2__monocyte pro,SPF_19m_2,19m,monocyte pro,138,0.18502097320552433,0.06638979866853108,0.11863117453699325,0.17777426165548874,F,SPF,BM
mukin_bm,SPF_19m_2__neutrophil,SPF_19m_2,19m,neutrophil,118,0.0025571194881965813,0.014826105181335071,-0.01226898569313849,0.012291796042715113,F,SPF,BM
mukin_bm,SPF_19m_2__neutrophil maturing,SPF_19m_2,19m,neutrophil maturing,194,0.006281048992085392,0.019017320285560555,-0.012736271293475163,0.01788864846918487,F,SPF,BM
mukin_bm,SPF_19m_3__B age,SPF_19m_3,19m,B age,131,0.004957916127602199,0.018432227578196674,-0.013474311450594474,0.016539329227298227,F,SPF,BM
mukin_bm,SPF_19m_3__B naive,SPF_19m_3,19m,B naive,122,0.0026264089774097658,0.047446426442074356,-0.04482001746466459,0.03540684147835517,F,SPF,BM
mukin_bm,SPF_19m_3__T CD8,SPF_19m_3,19m,T CD8,256,0.00565239084220651,0.025053359328387665,-0.019400968486181155,0.02171224416704713,F,SPF,BM
mukin_bm,SPF_19m_3__Treg,SPF_19m_3,19m,Treg,153,0.0034736876531034815,0.030627039778340023,-0.027153352125236542,0.02411285561016782,F,SPF,BM
mukin_bm,SPF_19m_3__dendritic,SPF_19m_3,19m,dendritic,191,0.007438514849177165,0.0370153592908945,-0.029576844441717334,0.031433635854457985,F,SPF,BM
mukin_bm,SPF_19m_3__monocyte,SPF_19m_3,19m,monocyte,118,0.01047696862478987,0.05639879378844233,-0.04592182516365246,0.04728830509941693,F,SPF,BM
mukin_bm,SPF_2m_3__monocyte,SPF_2m_3,2m,monocyte,121,0.015754675870693506,0.09535032435844801,-0.0795956484877545,0.0785630990857589,F,SPF,BM
mukin_bm,SPF_2m_3__neutrophil maturing,SPF_2m_3,2m,neutrophil maturing,134,0.006486238730851652,0.018776613365629836,-0.012290374634778185,0.01786353402953485,F,SPF,BM
mukin_bm,SPF_2m_4__B immature,SPF_2m_4,2m,B immature,202,0.0023958152960486226,0.06761125530551423,-0.06521544000946561,0.0495024743533705,F,SPF,BM
mukin_bm,SPF_2m_4__B naive,SPF_2m_4,2m,B naive,123,0.004289605144303756,0.06569202619983985,-0.061402421055536095,0.04948448608194099,F,SPF,BM
mukin_bm,SPF_2m_4__monocyte,SPF_2m_4,2m,monocyte,106,0.012093449744711179,0.08169785757146317,-0.069604407826752,0.06632046941961833,F,SPF,BM
mukin_bm,SPF_2m_4__neutrophil,SPF_2m_4,2m,neutrophil,129,0.002223928129464517,0.012544075746753735,-0.010320147617289218,0.010442555685463146,F,SPF,BM
mukin_bm,SPF_2m_4__neutrophil immature,SPF_2m_4,2m,neutrophil immature,109,0.11178767212587977,0.01839555319895513,0.09339211892692464,0.09205344142392705,F,SPF,BM
mukin_bm,SPF_2m_4__neutrophil maturing,SPF_2m_4,2m,neutrophil maturing,178,0.006851469022928263,0.01639270356013999,-0.009541234537211729,0.016436112056557994,F,SPF,BM
mukin_bm,SPF_2m_5__B immature,SPF_2m_5,2m,B immature,203,0.006983211956865581,0.05734493171268176,-0.05036171975581618,0.045486866609879405,F,SPF,BM
mukin_bm,SPF_2m_5__monocyte,SPF_2m_5,2m,monocyte,185,0.015496485347510277,0.07328178302417268,-0.057785297676662406,0.06277571558761622,F,SPF,BM
mukin_bm,SPF_2m_5__neutrophil immature,SPF_2m_5,2m,neutrophil immature,130,0.10962181763784948,0.02891624143061493,0.08070557620723455,0.09796120101973367,F,SPF,BM
mukin_bm,SPF_2m_5__neutrophil maturing,SPF_2m_5,2m,neutrophil maturing,216,0.004743107098523161,0.01616387784231776,-0.011420770743794599,0.014783470825833648,F,SPF,BM
mukin_sk,GF_19m_1__hair follicle bulge,GF_19m_1,19m,hair follicle bulge,140,0.0032390848445631726,0.05583112643393222,-0.052592041589369046,0.04176894696114618,F,GF,SK
mukin_sk,GF_19m_1__keratinocyte basal label retain,GF_19m_1,19m,keratinocyte basal label retain,3400,0.004086041747543127,0.02263177987574626,-0.018545738128203135,0.018892352848360498,F,GF,SK
mukin_sk,GF_19m_1__keratinocyte granulosum,GF_19m_1,19m,keratinocyte granulosum,186,0.008420985265926903,0.012963275356702669,-0.004542290090775766,0.015120955696921835,F,GF,SK
mukin_sk,GF_19m_1__keratinocyte proliferating,GF_19m_1,19m,keratinocyte proliferating,382,0.10872165726384928,0.009611085766301729,0.09911057149754754,0.08367388503302495,F,GF,SK
mukin_sk,GF_19m_1__keratinocyte spinosum upper,GF_19m_1,19m,keratinocyte spinosum upper,2260,0.005139542929316138,0.02593770577320588,-0.02079816284388974,0.021974933298174158,F,GF,SK
mukin_sk,GF_19m_2__hair follicle,GF_19m_2,19m,hair follicle,609,0.0066565517677770235,0.039519607960664796,-0.03286305619288777,0.03265147567313438,F,GF,SK
mukin_sk,GF_19m_2__hair follicle bulge,GF_19m_2,19m,hair follicle bulge,245,0.004243937714127667,0.07192857115094942,-0.06768463343682175,0.05386209755848841,F,GF,SK
mukin_sk,GF_19m_2__keratinocyte basal early response,GF_19m_2,19m,keratinocyte basal early response,627,0.005118776215803107,0.011492971566863828,-0.0063741953510607205,0.011746279504484385,F,GF,SK
mukin_sk,GF_19m_2__keratinocyte basal label retain,GF_19m_2,19m,keratinocyte basal label retain,1023,0.006662925170754228,0.027683548369552315,-0.021020623198798088,0.024286624350195084,F,GF,SK
mukin_sk,GF_19m_2__keratinocyte granulosum,GF_19m_2,19m,keratinocyte granulosum,113,0.0058294507382127695,0.021946883000247035,-0.016117432262034267,0.019640833942965615,F,GF,SK
mukin_sk,GF_19m_2__keratinocyte proliferating,GF_19m_2,19m,keratinocyte proliferating,166,0.08867967695405773,0.009021553263254049,0.07965812369080369,0.06908520241692918,F,GF,SK
mukin_sk,GF_19m_2__keratinocyte spinosum suprabasal,GF_19m_2,19m,keratinocyte spinosum suprabasal,450,0.004772196836927196,0.01245156181015775,-0.007679364973230554,0.012179036536874202,F,GF,SK
mukin_sk,GF_19m_2__keratinocyte spinosum upper,GF_19m_2,19m,keratinocyte spinosum upper,483,0.007872253193996434,0.028760986985551622,-0.02088873379155519,0.025903612547793928,F,GF,SK
mukin_sk,GF_19m_3__hair follicle,GF_19m_3,19m,hair follicle,264,0.006225553575467605,0.029264602472915024,-0.023039048897447418,0.02509533000718012,F,GF,SK
mukin_sk,GF_19m_3__hair follicle bulge,GF_19m_3,19m,hair follicle bulge,107,0.005377607849326703,0.0615099625364886,-0.05613235468716189,0.0472966545969025,F,GF,SK
mukin_sk,GF_19m_3__keratinocyte basal early response,GF_19m_3,19m,keratinocyte basal early response,960,0.005335479349109324,0.01032531075543074,-0.004989831406321416,0.01107385088165946,F,GF,SK
mukin_sk,GF_19m_3__keratinocyte basal label retain,GF_19m_3,19m,keratinocyte basal label retain,996,0.006520992835223178,0.024906204014727634,-0.018385211179504455,0.022222384006284724,F,GF,SK
mukin_sk,GF_19m_3__keratinocyte granulosum,GF_19m_3,19m,keratinocyte granulosum,179,0.00808889917278364,0.022001059952944158,-0.013912160780160518,0.021276814143428163,F,GF,SK
mukin_sk,GF_19m_3__keratinocyte spinosum suprabasal,GF_19m_3,19m,keratinocyte spinosum suprabasal,778,0.0051780994930882744,0.018155108429150132,-0.012977008936061858,0.01649906954865045,F,GF,SK
mukin_sk,GF_19m_3__keratinocyte spinosum upper,GF_19m_3,19m,keratinocyte spinosum upper,551,0.008559263401209348,0.02666599066594481,-0.018106727264735462,0.02490801601990372,F,GF,SK
mukin_sk,GF_2m_1__keratinocyte basal label retain,GF_2m_1,2m,keratinocyte basal label retain,1563,0.0039001905796342503,0.019024946531642738,-0.015124755952008488,0.01621051991101534,F,GF,SK
mukin_sk,GF_2m_1__keratinocyte granulosum,GF_2m_1,2m,keratinocyte granulosum,301,0.006825430731378404,0.016465035535132653,-0.009639604803754248,0.0164688466340465,F,GF,SK
mukin_sk,GF_2m_1__keratinocyte proliferating,GF_2m_1,2m,keratinocyte proliferating,112,0.11298399236743961,0.006580461045558735,0.10640353132188088,0.08454483579719418,F,GF,SK
mukin_sk,GF_2m_1__keratinocyte spinosum upper,GF_2m_1,2m,keratinocyte spinosum upper,1296,0.004491541070857716,0.0206408612900767,-0.01614932021921898,0.017771292136925524,F,GF,SK
mukin_sk,GF_2m_2__hair follicle,GF_2m_2,2m,hair follicle,278,0.0034692147773793007,0.030098770254897805,-0.026629555477518503,0.023736149847091673,F,GF,SK
mukin_sk,GF_2m_2__hair follicle bulge,GF_2m_2,2m,hair follicle bulge,325,0.004217789738211127,0.0743761873101078,-0.07015839757189667,0.05557433413128619,F,GF,SK
mukin_sk,GF_2m_2__keratinocyte basal early response,GF_2m_2,2m,keratinocyte basal early response,385,0.0077893766289743906,0.021108549261981923,-0.013319172633007532,0.020433919359721515,F,GF,SK
mukin_sk,GF_2m_2__keratinocyte basal label retain,GF_2m_2,2m,keratinocyte basal label retain,735,0.007695388323567704,0.02491711207110013,-0.017221723747532426,0.023060520180518587,F,GF,SK
mukin_sk,GF_2m_2__keratinocyte proliferating,GF_2m_2,2m,keratinocyte proliferating,139,0.09700046739370398,0.01090813540741238,0.0860923319862916,0.07630290478903506,F,GF,SK
mukin_sk,GF_2m_2__keratinocyte spinosum suprabasal,GF_2m_2,2m,keratinocyte spinosum suprabasal,246,0.005570689783230718,0.01758633039820955,-0.012015640614978831,0.01637448600237015,F,GF,SK
mukin_sk,GF_2m_2__keratinocyte spinosum upper,GF_2m_2,2m,keratinocyte spinosum upper,313,0.0072073546436732085,0.02513083624635934,-0.01792348160268613,0.022866554069647053,F,GF,SK
mukin_sk,GF_2m_3__hair follicle,GF_2m_3,2m,hair follicle,317,0.0032408918989445677,0.03389208819245853,-0.030651196293513962,0.026256982028296197,F,GF,SK
mukin_sk,GF_2m_3__hair follicle bulge,GF_2m_3,2m,hair follicle bulge,301,0.0025487921928507074,0.07513813079182216,-0.07258933859897146,0.05493295005197925,F,GF,SK
mukin_sk,GF_2m_3__keratinocyte basal early response,GF_2m_3,2m,keratinocyte basal early response,341,0.003946326597095849,0.015275688949744357,-0.011329362352648507,0.013592017541243954,F,GF,SK
mukin_sk,GF_2m_3__keratinocyte basal label retain,GF_2m_3,2m,keratinocyte basal label retain,1122,0.004293189813675643,0.018332250973435753,-0.01403906115976011,0.015998602607901168,F,GF,SK
mukin_sk,GF_2m_3__keratinocyte granulosum,GF_2m_3,2m,keratinocyte granulosum,156,0.010538935580516894,0.012493712272991741,-0.0019547766924748466,0.016286541485897733,F,GF,SK
mukin_sk,GF_2m_3__keratinocyte proliferating,GF_2m_3,2m,keratinocyte proliferating,127,0.12131032095656563,0.007047129304492685,0.11426319165207295,0.09076242349540933,F,GF,SK
mukin_sk,GF_2m_3__keratinocyte spinosum suprabasal,GF_2m_3,2m,keratinocyte spinosum suprabasal,256,0.005438141012325194,0.021205944378871612,-0.01576780336654642,0.01884021345862869,F,GF,SK
mukin_sk,GF_2m_3__keratinocyte spinosum upper,GF_2m_3,2m,keratinocyte spinosum upper,749,0.0057976252275349395,0.015776452350901235,-0.009978827123366295,0.015255176553556871,F,GF,SK
mukin_sk,SPF_19m_1__hair follicle,SPF_19m_1,19m,hair follicle,225,0.005657852083733649,0.031054747808730482,-0.025396895724996833,0.025959728338949904,F,SPF,SK
mukin_sk,SPF_19m_1__keratinocyte basal early response,SPF_19m_1,19m,keratinocyte basal early response,511,0.006488135039872759,0.01351295573919835,-0.0070248206993255916,0.014142906921008908,F,SPF,SK
mukin_sk,SPF_19m_1__keratinocyte basal label retain,SPF_19m_1,19m,keratinocyte basal label retain,889,0.006760423271126539,0.03011129205293394,-0.0233508687818074,0.026072239939623106,F,SPF,SK
mukin_sk,SPF_19m_1__keratinocyte granulosum,SPF_19m_1,19m,keratinocyte granulosum,228,0.011906637613964731,0.01958228523275687,-0.00767564761879214,0.022266030877176848,F,SPF,SK
mukin_sk,SPF_19m_1__keratinocyte spinosum suprabasal,SPF_19m_1,19m,keratinocyte spinosum suprabasal,413,0.008285494513863075,0.014396586238557644,-0.006111091724694569,0.01603865311145756,F,SPF,SK
mukin_sk,SPF_19m_1__keratinocyte spinosum upper,SPF_19m_1,19m,keratinocyte spinosum upper,521,0.008155025771080475,0.04542189248847775,-0.037266866717397276,0.03788460221641098,F,SPF,SK
mukin_sk,SPF_19m_2__hair follicle,SPF_19m_2,19m,hair follicle,249,0.004633313464469032,0.01773344620160228,-0.013100132737133247,0.015815687433048786,F,SPF,SK
mukin_sk,SPF_19m_2__keratinocyte basal early response,SPF_19m_2,19m,keratinocyte basal early response,846,0.004866332508055166,0.012638385240666301,-0.007772052732611136,0.012377704622877465,F,SPF,SK
mukin_sk,SPF_19m_2__keratinocyte basal label retain,SPF_19m_2,19m,keratinocyte basal label retain,1134,0.006082622848560662,0.030324300629628216,-0.024241677781067554,0.025743582473567086,F,SPF,SK
mukin_sk,SPF_19m_2__keratinocyte granulosum,SPF_19m_2,19m,keratinocyte granulosum,445,0.01305632390169267,0.017442721376904623,-0.004386397475211953,0.021566081736211704,F,SPF,SK
mukin_sk,SPF_19m_2__keratinocyte proliferating,SPF_19m_2,19m,keratinocyte proliferating,135,0.13596004402237047,0.006701810409291065,0.1292582336130794,0.10087716468527601,F,SPF,SK
mukin_sk,SPF_19m_2__keratinocyte spinosum suprabasal,SPF_19m_2,19m,keratinocyte spinosum suprabasal,607,0.007065306094926602,0.011605717376327257,-0.004540411281400656,0.013202407308216795,F,SPF,SK
mukin_sk,SPF_19m_2__keratinocyte spinosum upper,SPF_19m_2,19m,keratinocyte spinosum upper,901,0.008353055284933169,0.03052712785738589,-0.02217407257245272,0.027492441153708698,F,SPF,SK
mukin_sk,SPF_19m_3__hair follicle,SPF_19m_3,19m,hair follicle,228,0.01235947738836494,0.02091800281592195,-0.00855852542755701,0.02353073191325236,F,SPF,SK
mukin_sk,SPF_19m_3__hair follicle bulge,SPF_19m_3,19m,hair follicle bulge,116,0.004402260982475481,0.05260210874030307,-0.04819984775782759,0.04030817638824183,F,SPF,SK
mukin_sk,SPF_19m_3__keratinocyte basal early response,SPF_19m_3,19m,keratinocyte basal early response,576,0.004971382739742866,0.016587013612464455,-0.01161563087272159,0.015244088252153126,F,SPF,SK
mukin_sk,SPF_19m_3__keratinocyte basal label retain,SPF_19m_3,19m,keratinocyte basal label retain,934,0.00681504184498601,0.02173880737532921,-0.014923765530343202,0.020190620412663108,F,SPF,SK
mukin_sk,SPF_19m_3__keratinocyte granulosum,SPF_19m_3,19m,keratinocyte granulosum,242,0.012251695300552074,0.021544812760981382,-0.009293117460429308,0.023897740030736126,F,SPF,SK
mukin_sk,SPF_19m_3__keratinocyte proliferating,SPF_19m_3,19m,keratinocyte proliferating,114,0.15219154128100315,0.008824377381421758,0.1433671638995814,0.11385544796518222,F,SPF,SK
mukin_sk,SPF_19m_3__keratinocyte spinosum suprabasal,SPF_19m_3,19m,keratinocyte spinosum suprabasal,446,0.006458932487043976,0.014094662496914672,-0.007635730009870696,0.01453358639091897,F,SPF,SK
mukin_sk,SPF_19m_3__keratinocyte spinosum upper,SPF_19m_3,19m,keratinocyte spinosum upper,673,0.01024598673324347,0.029385270754826012,-0.01913928402158254,0.028023530916764072,F,SPF,SK
mukin_sk,SPF_2m_3__hair follicle,SPF_2m_3,2m,hair follicle,404,0.009338081965796684,0.049312700300876325,-0.03997461833507964,0.0414723658626602,F,SPF,SK
mukin_sk,SPF_2m_3__hair follicle bulge,SPF_2m_3,2m,hair follicle bulge,137,0.005268577258450423,0.16146710592094932,-0.1561985286624989,0.11789993224192534,F,SPF,SK
mukin_sk,SPF_2m_3__keratinocyte basal early response,SPF_2m_3,2m,keratinocyte basal early response,449,0.0059069386545405325,0.02570571934585294,-0.019798780691312405,0.02235352484340939,F,SPF,SK
mukin_sk,SPF_2m_3__keratinocyte basal label retain,SPF_2m_3,2m,keratinocyte basal label retain,577,0.008070506372445425,0.018929536192532313,-0.010859029820086888,0.019091913190021185,F,SPF,SK
mukin_sk,SPF_2m_3__keratinocyte granulosum,SPF_2m_3,2m,keratinocyte granulosum,350,0.014595033393808392,0.019098489845397058,-0.004503456451588665,0.023824918764508703,F,SPF,SK
mukin_sk,SPF_2m_3__keratinocyte spinosum suprabasal,SPF_2m_3,2m,keratinocyte spinosum suprabasal,384,0.007892310089936395,0.019843047363858477,-0.011950737273922082,0.019611859334211213,F,SPF,SK
mukin_sk,SPF_2m_3__keratinocyte spinosum upper,SPF_2m_3,2m,keratinocyte spinosum upper,456,0.009088049532458778,0.023000560229805095,-0.013912510697346317,0.022690073561745634,F,SPF,SK
mukin_sk,SPF_2m_4__hair follicle,SPF_2m_4,2m,hair follicle,396,0.006480540115050148,0.02171512689075062,-0.015234586775700472,0.019937347339879525,F,SPF,SK
mukin_sk,SPF_2m_4__hair follicle bulge,SPF_2m_4,2m,hair follicle bulge,152,0.003737857756713725,0.0806245598858918,-0.07688670212917807,0.05965323759237801,F,SPF,SK
mukin_sk,SPF_2m_4__keratinocyte basal early response,SPF_2m_4,2m,keratinocyte basal early response,399,0.005771181857418124,0.013075457210185203,-0.007304275352767079,0.013326586287277625,F,SPF,SK
mukin_sk,SPF_2m_4__keratinocyte basal label retain,SPF_2m_4,2m,keratinocyte basal label retain,1120,0.005270896671857009,0.022364464830523664,-0.017093568158666656,0.01954115151887503,F,SPF,SK
mukin_sk,SPF_2m_4__keratinocyte granulosum,SPF_2m_4,2m,keratinocyte granulosum,587,0.011641114336175457,0.01718993125950623,-0.0055488169233307745,0.020386627849405068,F,SPF,SK
mukin_sk,SPF_2m_4__keratinocyte proliferating,SPF_2m_4,2m,keratinocyte proliferating,153,0.11449709627484903,0.0096017473141488,0.10489534896070023,0.08775113383918907,F,SPF,SK
mukin_sk,SPF_2m_4__keratinocyte spinosum suprabasal,SPF_2m_4,2m,keratinocyte spinosum suprabasal,359,0.006679849646982726,0.019674084197005386,-0.01299423455002266,0.018635045332025653,F,SPF,SK
mukin_sk,SPF_2m_4__keratinocyte spinosum upper,SPF_2m_4,2m,keratinocyte spinosum upper,779,0.007118089207421659,0.01587124069378236,-0.0087531514863607,0.016255911068076025,F,SPF,SK
mukin_sk,SPF_2m_5__hair follicle,SPF_2m_5,2m,hair follicle,291,0.005188530214126985,0.024668673151605477,-0.019480142937478493,0.021112230967175235,F,SPF,SK
mukin_sk,SPF_2m_5__hair follicle bulge,SPF_2m_5,2m,hair follicle bulge,157,0.004084399103559078,0.06671805099457442,-0.06263365189101534,0.05006489258901234,F,SPF,SK
mukin_sk,SPF_2m_5__keratinocyte basal early response,SPF_2m_5,2m,keratinocyte basal early response,495,0.006416812565545063,0.016144153575157378,-0.009727341009612315,0.01595301214821079,F,SPF,SK
mukin_sk,SPF_2m_5__keratinocyte basal label retain,SPF_2m_5,2m,keratinocyte basal label retain,831,0.006956347199182108,0.014451667995138208,-0.007495320795956099,0.015137752715648541,F,SPF,SK
mukin_sk,SPF_2m_5__keratinocyte granulosum,SPF_2m_5,2m,keratinocyte granulosum,508,0.010993486604501612,0.020688493948832216,-0.009695007344330604,0.02240254329068268,F,SPF,SK
mukin_sk,SPF_2m_5__keratinocyte proliferating,SPF_2m_5,2m,keratinocyte proliferating,270,0.12609255732448604,0.008270666363430023,0.11782189096105602,0.09500914661181041,F,SPF,SK
mukin_sk,SPF_2m_5__keratinocyte spinosum suprabasal,SPF_2m_5,2m,keratinocyte spinosum suprabasal,339,0.007834445731769755,0.013721755218915136,-0.005887309487145382,0.015242535868849189,F,SPF,SK
mukin_sk,SPF_2m_5__keratinocyte spinosum upper,SPF_2m_5,2m,keratinocyte spinosum upper,807,0.007422609010071032,0.01788313576710776,-0.01046052675703673,0.017893863734919184,F,SPF,SK
