sample	cell_type	n_cells	sample_total_cells	percent_cells	stage	genotype	display_label
GSM7876383_WT_E95	AER	411	9950	4.130653266331659	E9.5	WT	E9.5 WT
GSM7876383_WT_E95	DV	570	9950	5.728643216080402	E9.5	WT	E9.5 WT
GSM7876383_WT_E95	Erythrocytes	350	9950	3.5175879396984926	E9.5	WT	E9.5 WT
GSM7876383_WT_E95	Immune	0	9950	0.0	E9.5	WT	E9.5 WT
GSM7876383_WT_E95	Mesenchyme	7650	9950	76.88442211055276	E9.5	WT	E9.5 WT
GSM7876383_WT_E95	Muscle	294	9950	2.9547738693467336	E9.5	WT	E9.5 WT
GSM7876383_WT_E95	Vascular cells	675	9950	6.78391959798995	E9.5	WT	E9.5 WT
GSM7876384_Dac_E95	AER	484	8833	5.47945205479452	E9.5	Dac	E9.5 Dac
GSM7876384_Dac_E95	DV	689	8833	7.8002943507302165	E9.5	Dac	E9.5 Dac
GSM7876384_Dac_E95	Erythrocytes	268	8833	3.034076757613495	E9.5	Dac	E9.5 Dac
GSM7876384_Dac_E95	Immune	0	8833	0.0	E9.5	Dac	E9.5 Dac
GSM7876384_Dac_E95	Mesenchyme	6555	8833	74.2103475602853	E9.5	Dac	E9.5 Dac
GSM7876384_Dac_E95	Muscle	465	8833	5.2643495980980415	E9.5	Dac	E9.5 Dac
GSM7876384_Dac_E95	Vascular cells	372	8833	4.211479678478433	E9.5	Dac	E9.5 Dac
GSM7876385_WT_E105	AER	229	19451	1.1773173615752404	E10.5	WT	E10.5 WT
GSM7876385_WT_E105	DV	779	19451	4.004935478895686	E10.5	WT	E10.5 WT
GSM7876385_WT_E105	Erythrocytes	498	19451	2.560279677137422	E10.5	WT	E10.5 WT
GSM7876385_WT_E105	Immune	181	19451	0.9305434167909105	E10.5	WT	E10.5 WT
GSM7876385_WT_E105	Mesenchyme	15742	19451	80.93157164156085	E10.5	WT	E10.5 WT
GSM7876385_WT_E105	Muscle	1507	19451	7.7476736414580225	E10.5	WT	E10.5 WT
GSM7876385_WT_E105	Vascular cells	515	19451	2.6476787825818726	E10.5	WT	E10.5 WT
GSM7876386_Dac_E105	AER	110	12123	0.9073661634908851	E10.5	Dac	E10.5 Dac
GSM7876386_Dac_E105	DV	673	12123	5.551431163903325	E10.5	Dac	E10.5 Dac
GSM7876386_Dac_E105	Erythrocytes	221	12123	1.8229811102862328	E10.5	Dac	E10.5 Dac
GSM7876386_Dac_E105	Immune	55	12123	0.45368308174544253	E10.5	Dac	E10.5 Dac
GSM7876386_Dac_E105	Mesenchyme	9928	12123	81.89392064670461	E10.5	Dac	E10.5 Dac
GSM7876386_Dac_E105	Muscle	701	12123	5.7823970964282765	E10.5	Dac	E10.5 Dac
GSM7876386_Dac_E105	Vascular cells	435	12123	3.5882207374412274	E10.5	Dac	E10.5 Dac
GSM7876387_WT_E115	AER	57	6643	0.8580460635255156	E11.5	WT	E11.5 WT
GSM7876387_WT_E115	DV	189	6643	2.845100105374078	E11.5	WT	E11.5 WT
GSM7876387_WT_E115	Erythrocytes	104	6643	1.5655577299412915	E11.5	WT	E11.5 WT
GSM7876387_WT_E115	Immune	49	6643	0.7376185458377239	E11.5	WT	E11.5 WT
GSM7876387_WT_E115	Mesenchyme	5945	6643	89.49269908174018	E11.5	WT	E11.5 WT
GSM7876387_WT_E115	Muscle	250	6643	3.7633599277434895	E11.5	WT	E11.5 WT
GSM7876387_WT_E115	Vascular cells	49	6643	0.7376185458377239	E11.5	WT	E11.5 WT
GSM7876388_Dac_E115	AER	0	5194	0.0	E11.5	Dac	E11.5 Dac
GSM7876388_Dac_E115	DV	0	5194	0.0	E11.5	Dac	E11.5 Dac
GSM7876388_Dac_E115	Erythrocytes	69	5194	1.3284559106661533	E11.5	Dac	E11.5 Dac
GSM7876388_Dac_E115	Immune	12	5194	0.23103581055063535	E11.5	Dac	E11.5 Dac
GSM7876388_Dac_E115	Mesenchyme	4694	5194	90.37350789372353	E11.5	Dac	E11.5 Dac
GSM7876388_Dac_E115	Muscle	400	5194	7.701193685021178	E11.5	Dac	E11.5 Dac
GSM7876388_Dac_E115	Vascular cells	19	5194	0.36580670003850596	E11.5	Dac	E11.5 Dac
