sample,entropy_class,cell_type,n_cells,umi_median,genes_median,mt_pct_median,confidence_median,entropy_median
GSM7876383_WT_E95,high_entropy,AER,22,3205.0,1291.5,17.023232,0.55,0.9356478317048208
GSM7876383_WT_E95,high_entropy,DV,22,27830.0,5550.0,4.4035044,0.7,0.7128219444044955
GSM7876383_WT_E95,high_entropy,Erythrocytes,122,907.0,490.0,23.247639,0.7,0.7456908698051998
GSM7876383_WT_E95,high_entropy,Mesenchyme,167,2087.0,904.0,24.21823,0.8,0.7456908698051998
GSM7876383_WT_E95,high_entropy,Muscle,1,17824.0,4288.0,3.0688958,0.9,0.3793416580510275
GSM7876383_WT_E95,high_entropy,Vascular cells,15,27543.0,5058.0,3.823113,0.9,0.3793416580510275
GSM7876383_WT_E95,low_entropy,AER,1,13911.0,4084.0,2.3650348,1.0,-0.0
GSM7876383_WT_E95,low_entropy,DV,7,24571.0,5214.0,3.5771255,1.0,-0.0
GSM7876383_WT_E95,low_entropy,Erythrocytes,188,1188.0,405.0,38.711143,1.0,-0.0
GSM7876383_WT_E95,low_entropy,Mesenchyme,286,18213.0,4346.0,3.704683,1.0,-0.0
GSM7876383_WT_E95,low_entropy,Muscle,4,10576.0,3193.0,4.1381264,1.0,-0.0
GSM7876383_WT_E95,low_entropy,Vascular cells,36,32369.0,5861.5,3.8073747,1.0,-0.0
GSM7876384_Dac_E95,high_entropy,AER,10,18440.5,4602.5,2.8671317,0.6499999999999999,0.7043615338882019
GSM7876384_Dac_E95,high_entropy,DV,153,5285.0,1799.0,0.48387098,0.7,0.693980104791999
GSM7876384_Dac_E95,high_entropy,Erythrocytes,4,40068.0,5200.5,2.1884348,0.7,0.6298964685673356
GSM7876384_Dac_E95,high_entropy,Mesenchyme,171,6664.0,2127.0,0.13861386,0.8,0.5159930256014797
GSM7876384_Dac_E95,high_entropy,Muscle,4,20364.0,4503.0,1.930215,0.8,0.4825538843779841
GSM7876384_Dac_E95,high_entropy,Vascular cells,8,15170.0,3952.5,3.26818,0.7,0.6764608614951799
GSM7876384_Dac_E95,low_entropy,AER,2,18271.0,4425.0,4.409754,1.0,-0.0
GSM7876384_Dac_E95,low_entropy,DV,22,787.5,549.0,1.5693493,1.0,-0.0
GSM7876384_Dac_E95,low_entropy,Erythrocytes,19,16139.0,3346.0,1.8941439,1.0,-0.0
GSM7876384_Dac_E95,low_entropy,Mesenchyme,198,15641.5,3966.5,2.3740218,1.0,-0.0
GSM7876384_Dac_E95,low_entropy,Muscle,8,19579.0,4418.0,3.1036978,1.0,-0.0
GSM7876384_Dac_E95,low_entropy,Vascular cells,30,34435.5,6049.5,2.5881758,1.0,-0.0
GSM7876385_WT_E105,high_entropy,AER,15,11250.0,3518.0,4.0869055,0.7,0.785591315073652
GSM7876385_WT_E105,high_entropy,DV,72,2500.0,1135.5,3.579927,0.6,0.8914097669219324
GSM7876385_WT_E105,high_entropy,Erythrocytes,9,7795.0,2258.0,3.1828277,0.8,0.6435337547979384
GSM7876385_WT_E105,high_entropy,Immune,19,728.0,463.0,1.8237082,0.6,1.154787340628739
GSM7876385_WT_E105,high_entropy,Mesenchyme,1148,1030.5,638.5,1.4132305,0.8,0.6435337547979384
GSM7876385_WT_E105,high_entropy,Muscle,45,9466.0,3010.0,4.215243,0.7,0.8218157081823249
GSM7876385_WT_E105,high_entropy,Vascular cells,86,756.0,497.5,2.2039263,0.8,0.785591315073652
GSM7876385_WT_E105,low_entropy,AER,5,6588.0,2448.0,3.10559,1.0,-0.0
GSM7876385_WT_E105,low_entropy,DV,20,10914.5,3503.0,3.2093697,1.0,-0.0
GSM7876385_WT_E105,low_entropy,Erythrocytes,97,14604.0,2902.0,2.2954092,1.0,-0.0
GSM7876385_WT_E105,low_entropy,Immune,13,902.0,504.0,3.0735018,1.0,-0.0
GSM7876385_WT_E105,low_entropy,Mesenchyme,752,2946.0,1356.5,3.681831,1.0,-0.0
GSM7876385_WT_E105,low_entropy,Muscle,13,4052.0,1657.0,5.7743983,1.0,-0.0
GSM7876385_WT_E105,low_entropy,Vascular cells,43,9117.0,3146.0,4.408044,1.0,-0.0
GSM7876386_Dac_E105,high_entropy,AER,4,825.5,400.0,21.424389,0.75,0.8490257614738501
GSM7876386_Dac_E105,high_entropy,DV,33,4533.0,1888.0,4.2269187,0.6,0.9143227422729692
GSM7876386_Dac_E105,high_entropy,Erythrocytes,4,10132.0,2190.5,1.9537541,0.65,0.9374044451389267
GSM7876386_Dac_E105,high_entropy,Immune,4,800.0,374.0,5.648573,0.5,1.3554077694759312
GSM7876386_Dac_E105,high_entropy,Mesenchyme,426,927.5,514.0,30.92886,0.8,0.6798237512919415
GSM7876386_Dac_E105,high_entropy,Muscle,15,15830.0,4233.0,4.605452,0.7,0.8298921864066462
GSM7876386_Dac_E105,high_entropy,Vascular cells,24,3496.0,1510.5,3.6885285,0.8,0.6798237512919415
GSM7876386_Dac_E105,low_entropy,AER,3,2614.0,803.0,4.484433,1.0,-0.0
GSM7876386_Dac_E105,low_entropy,DV,19,17624.0,4408.0,3.1811774,1.0,-0.0
GSM7876386_Dac_E105,low_entropy,Erythrocytes,38,2117.5,755.0,1.5648063,1.0,-0.0
GSM7876386_Dac_E105,low_entropy,Immune,1,17804.0,4102.0,3.690182,1.0,-0.0
GSM7876386_Dac_E105,low_entropy,Mesenchyme,316,4444.0,1912.5,4.020981,1.0,-0.0
GSM7876386_Dac_E105,low_entropy,Muscle,7,3413.0,1536.0,5.3530226,1.0,-0.0
GSM7876386_Dac_E105,low_entropy,Vascular cells,46,14165.0,3949.0,3.2125807,1.0,-0.0
GSM7876387_WT_E115,high_entropy,DV,10,9684.0,3544.0,2.801134,0.6,1.3510757916619922
GSM7876387_WT_E115,high_entropy,Erythrocytes,1,46072.0,6144.0,1.3370377,0.5,1.370988999382619
GSM7876387_WT_E115,high_entropy,Mesenchyme,31,1959.0,1202.0,13.425218,0.9,0.6429877995698261
GSM7876387_WT_E115,high_entropy,Muscle,6,17427.5,4966.5,2.9361076,0.7,1.208240128101296
GSM7876387_WT_E115,high_entropy,Vascular cells,1,24695.0,6268.0,3.1544845,0.4,2.153755983570937
GSM7876387_WT_E115,low_entropy,Erythrocytes,9,21526.0,3622.0,1.2630162,1.0,-0.0
GSM7876387_WT_E115,low_entropy,Mesenchyme,152,5185.0,2398.5,3.0702028,1.0,-0.0
GSM7876387_WT_E115,low_entropy,Muscle,2,28891.0,6203.5,3.3172083,1.0,-0.0
GSM7876388_Dac_E115,high_entropy,Erythrocytes,5,823.0,382.0,29.814816,0.9,0.8634462561844084
GSM7876388_Dac_E115,high_entropy,Mesenchyme,29,16582.0,4112.0,2.607758,0.8,1.329108672416921
GSM7876388_Dac_E115,high_entropy,Muscle,9,29333.0,5162.0,1.8626167,0.8,1.329108672416921
GSM7876388_Dac_E115,low_entropy,Erythrocytes,10,884.0,351.5,36.54654,1.0,-0.0
GSM7876388_Dac_E115,low_entropy,Mesenchyme,142,20425.5,4654.5,2.009719,1.0,-0.0
GSM7876388_Dac_E115,low_entropy,Muscle,10,26534.5,5022.5,2.1819384,1.0,-0.0
