sample,entropy_class,n_cells,umi_median,umi_q25,umi_q75,genes_median,genes_q25,genes_q75,mt_pct_median,mt_pct_q25,mt_pct_q75,confidence_median,entropy_median
GSM7876383_WT_E95,high_entropy,349,1627.0,1007.0,2817.0,773.0,536.0,1236.0,21.968367,13.683011054992676,31.587509155273438,0.7,0.7456908698051998
GSM7876383_WT_E95,low_entropy,522,4852.0,1401.5,22283.5,1890.5,488.25,4746.75,12.596811,3.455602288246155,27.054601192474365,1.0,-0.0
GSM7876384_Dac_E95,high_entropy,350,6403.5,2376.25,9270.75,2034.0,1214.25,2547.25,0.37178683,0.06322897411882877,2.6680306792259216,0.7,0.6298964685673356
GSM7876384_Dac_E95,low_entropy,279,17212.0,6193.0,30532.0,4105.0,2086.0,5613.0,2.3741145,1.374337375164032,2.9621870517730713,1.0,-0.0
GSM7876385_WT_E105,high_entropy,1394,1033.5,713.25,2093.75,639.5,480.0,1060.0,1.6929938,0.692939430475235,3.994468867778778,0.8,0.6435337547979384
GSM7876385_WT_E105,low_entropy,943,3400.0,1525.0,11357.0,1489.0,852.5,3330.5,3.5807292,2.4537376165390015,5.1283509731292725,1.0,-0.0
GSM7876386_Dac_E105,high_entropy,510,1015.5,715.0,1834.75,558.5,371.25,953.0,26.985535,4.218208312988281,43.91068935394287,0.8,0.6798237512919415
GSM7876386_Dac_E105,low_entropy,430,6678.0,1943.25,17690.75,2392.5,1010.5,4396.25,3.7358303,2.940214216709137,4.923102498054504,1.0,-0.0
GSM7876387_WT_E115,high_entropy,49,7724.0,1304.0,18472.0,3139.0,847.0,5168.0,3.272727,2.5170326232910156,14.304694175720215,0.7,1.208240128101296
GSM7876387_WT_E115,low_entropy,163,7080.0,1580.5,17889.5,2512.0,974.0,4975.5,3.0276506,2.59565532207489,4.57170295715332,1.0,-0.0
GSM7876388_Dac_E115,high_entropy,43,20781.0,1107.0,30650.5,4118.0,665.5,5421.0,2.3029315,1.9493179321289062,16.183516025543213,0.8,1.329108672416921
GSM7876388_Dac_E115,low_entropy,162,20347.0,15804.75,25637.5,4620.5,4027.5,5144.75,2.023536,1.7819911241531372,2.309919595718384,1.0,-0.0
