lineage,cell_type,marker_genes,expected_markers,cancer_or_host,comments
Brain,Neurons,Rbfox3;Tubb3,Rbfox3*Tubb3,host,
Brain,Astrocytes,Gfap;Apoe;Acsl6,Gfap*Apoe*Acsl6,host,
Brain,Oligodendrocytes,Mbp;Mog;Olig2,Mbp*Mog*Olig2,host,
Brain,Microglia,Ptprc;Aif1;Cx3cr1;P2ry12,Ptprc+Aif1+Cx3cr1*P2ry12,host,
cancer,cancer,,,cancer,
myeloid,macrophage,Ptprc;Aif1;Cd68,Ptprc*Aif1*Cd68,host,
myeloid,monocyte,Ptprc;Aif1;Cd68;Adgre1,Ptprc*Cd68*(Adgre1+Aif1),host,
myeloid,monocyte pro,Lyz2;Tmsb10;Cd68;Aif1;Crip1,(Lyz2*Tmsb10)*(Cd68+Aif1)*Crip1,host,
myeloid,dendritic,Ptprc;Aif1;Xcr1;Clec9a;Fcer1a;Fscn1;Ccr7,Ptprc*Aif1*(Xcr1+Clec9a+Fcer1a+Fscn1+Ccr7),host,
myeloid,eosinophil,Ptprc;Aif1;Adgre1,Ptprc*Aif1*Adgre1,host,
myeloid,basophil,Fcer1a;Mcpt8;Prss34,Fcer1a*Mcpt8*Prss34,host,
myeloid,neutrophil,S100a8;S100a9;Itgam;Ly6g;Csf3r,(S100a8+S100a9)*(Itgam+Ly6g)*Csf3r,host,
myeloid,neutrophil immature,S100a8;S100a9;Lcn2;Camp;Itgam;Ly6g,(S100a8+S100a9)*(Lcn2+Camp)*(Itgam+Ly6g),host,
myeloid,neutrophil maturing,S100a8;S100a9;Lcn2;Camp;Itgam;Ly6g;Ngp;Retlng,(S100a8+S100a9)*(Lcn2+Camp)*(Itgam+Ly6g)*(Ngp+Retlng),host,
myeloid,MAST,Ptprc;Aif1;Kit;Tpsab1;Tpsb2,Ptprc*Aif1*(Kit+Tpsab1+Tpsb2),host,
myeloid,MDSC,Ptprc;Aif1;S100a8;Icam1;S100a9,Ptprc*Aif1*(S100a8+Icam1+S100a9),host,
myeloid,erythrocyte,Hbb-bt;Hbb-bs;Hba-a1;Hba-a2,(Hba-a1+Hba-a2)*(Hbb-bs+Hbb-bt),host,
myeloid,neutrophil progenitor,Elane;Prtn3;Ctsg;Mpo,Elane*Prtn3*(Ctsg+Mpo),host,
myeloid,myeloid progenitor,Cd34;Kit,Cd34*Kit,host,
myeloid,myelomonocyte,Ly6c2,Ly6c2,host,permissive now
pDC,pDC,Ptprc;Irf7;Tcf4,Ptprc*(Irf7+Tcf4),host,
lymphoid,T CD8,Ptprc;Cd3e;Cd3d;Cd8a;Cd8b1,Ptprc*(Cd3e+Cd3d)*(Cd8a+Cd8b1),host,verify which CD3 and CD8 genes you find in Wu data
lymphoid,T CD4,Ptprc;Cd3e;Cd3d;Cd4;Tcf7;Sell;Ifng;Il4;Il17a;Il21,Ptprc*(Cd3e+Cd3d)*(Cd4+!Cd8a)*(Cd4+!Cd8b1)*(Tcf7+Sell+Ifng+Il4+Il17a+Il21)*(!Foxp3),host,verify which CD3 and CD8 genes you find in Wu data
lymphoid,Treg,Ptprc;Cd3e;Cd3d;Cd4;Foxp3;Tigit;Ctla4;Il2ra,Ptprc*(Cd3e+Cd3d)*(Cd4+!Cd8a)*(Cd4+!Cd8b1)*Foxp3*(Tigit+Ctla4+Il2ra),host,verify which CD3 and CD8 genes you find in Wu data
lymphoid,T epithelium,Cd3e;Cd3g;Cd7;Rgs1;Ptprc,(Cd3e+Cd3g)*(Cd7+Rgs1)*Ptprc,host,
lymphoid,B,Ptprc;Cd19;Ms4a1,Ptprc*(Cd19+Ms4a1),host,
lymphoid,B age,Apoe;Cd19;Ms4a1,Cd19*Ms4a1*Apoe,host,
lymphoid,B immature,Cd19;Vpreb3;Vpreb1,Cd19*(Vpreb3+Vpreb1),host,
lymphoid,B naive,Cd19;H2-Aa;H2-Ab1,Cd19*(H2-Aa+H2-Ab1),host,
lymphoid,B pre,Cd19;Vpreb3;Vpreb1;Igll1;Ptma,Cd19*(Vpreb3+Vpreb1)*Igll1*Ptma,host,
lymphoid,ILC,Ptprc;Klrb1,Ptprc*Klrb1,host,
lymphoid,plasma,Ptprc;Jchain,Ptprc*Jchain,host,
stromal,fibroblast,Col1a1;Col1a2;Vim;Fap;Pdgfrb;Pdgfra;Lum;Spp1;Dcn,Vim*(Col1a1+Col1a2+Fap+Pdgfrb+Lum+Spp1+Dcn+Pdgfra),host,verify you find COLA1 and COLA2 in Wu data
stromal,adipocytes,Acly;Acaca;Fasn,Acly*Acaca*Fasn,host,
stromal,endothelial,Pecam1;Egfl7;Id3;Flt1,Pecam1+Egfl7+Id3+Flt1,host,
stromal,epithelial,Cdh1;Epcam,Cdh1+Epcam,host,
stromal,smooth muscle,Acta2;Myl9;Mylk;Myh11,Acta2+Myl9+Mylk+Myh11,host,
stromal,skeletal muscle,Fads1;Fgfr4;Acta1;Mlc1;Mylpf,Fads1+Fgfr4+Acta1+Mlc1+Mylpf,host,
stromal,skin epithelial,Krt5;Krt16;S100a14;Krt15;Calml5;Lhx2;Krt23;Krt14,Krt5*(Krt16+S100a14+Krt15+Calml5+Lhx2+Krt23+Krt14),host,
stromal,airway epithelial,Aqp1;Cdh1,Aqp1+Cdh1,host,
stromal,alveolar epithelial,Cldn18;Col4a3;Sftpc;Slc34a2;Sftpa1,Cldn18+Col4a3+Sftpc+Slc34a2+Sftpa1,host,
stromal,Melanocyte,Mlana;Tyrp1;Rab38;Mitf;Mc1r,Mlana+Tyrp1+Rab38+Mitf+Mc1r,host,
stromal,langerhans,Adgre1;Epcam;Ptprc;Cd74,Adgre1*Epcam*Ptprc*Cd74,host,
stromal,keratinocyte basal early response,Krt5;Krt14;Krt15;Col17a1;Lya6a;Mt1;Mt2,Krt5*(Krt14+Krt15)*(Col17a1+Lya6a)*(Mt1+Mt2),host,
stromal,keratinocyte basal label retain,Krt5;Krt14;Krt15;Col17a1;Lya6a;S100a6;Epcam,Krt5*(Krt14+Krt15)*(Col17a1+Lya6a)*S100a6*(!Epcam),host,
stromal,keratinocyte proliferating,Krt5;Krt14;Krt15;Topa2;Mki67;Tubb5,Krt5*(Krt14+Krt15)*(Topa2+Mki67+Tubb5),host,
stromal,keratinocyte granulosum,Krt10;Krt23;Krt2;Krt77;Lor;Sbsn,(Krt10+Krt23)*(Krt2+Krt77)*(Lor+Sbsn),host,
stromal,keratinocyte spinosum suprabasal,Krt16;Krt1;Actg1;Krt10;Lgals7,Krt16*Krt1*Actg1*(Krt10+Lgals7),host,
stromal,keratinocyte spinosum upper,Krt2;Krt10;Calm4;Mt4;Lgals7,Krt2*Krt10*(Calm4+Mt4+Lgals7),host,
stromal,hair follicle,Sox9;Krt79;Defb6;Krt5;Krt15,Sox9*(Krt79+Defb6)*(Krt5+Krt15),host,
stromal,hair follicle bulge,Sox9;Lhx2;Cd34;Krt15;Krt5,Sox9*Lhx2*Cd34*(Krt15+Krt5),host,
stromal,hair follicle quiescent,Sox9;Lhx2;S100a6;Krt5;Krt15;Wfdc3,Sox9*Lhx2*S100a6*(Krt5+Krt15)*Wfdc3,host,
stromal,sebocyte,Scd1;Dhcr24;Acly;Fasn,Scd1*Dhcr24*Acly*Fasn,host,