dataset,cell_type,rate,n_replicates,mean_rate,sd_rate,cv,mean_cell_number,rate_times_cell_number,n_cell_count_replicates,cv_status,filter_note
Mukin 2m SPF,Alveolar Macrophage,proliferation_rate,1,0.011870474137332,,,155.0,1.8399234912864602,1,not_computed,CV requires at least 2 sample units and non-zero absolute mean rate; cell counts are tissue_wise_knn mapped to the rate celltype labels; unmatched rate rows are excluded
Mukin 2m SPF,Alveolar Macrophage,death_rate,1,0.0736715632828078,,,155.0,11.419092308835209,1,not_computed,CV requires at least 2 sample units and non-zero absolute mean rate; cell counts are tissue_wise_knn mapped to the rate celltype labels; unmatched rate rows are excluded
Mukin 2m SPF,B early stage,proliferation_rate,4,0.034423459445879406,0.020931636688516133,0.6080631355899854,217.5,7.487102429478771,4,computed,CV requires at least 2 sample units and non-zero absolute mean rate; cell counts are tissue_wise_knn mapped to the rate celltype labels; unmatched rate rows are excluded
Mukin 2m SPF,B early stage,death_rate,4,0.04100590228563003,0.014711646579537978,0.35876900054686706,217.5,8.918783747124532,4,computed,CV requires at least 2 sample units and non-zero absolute mean rate; cell counts are tissue_wise_knn mapped to the rate celltype labels; unmatched rate rows are excluded
Mukin 2m SPF,B late stage,proliferation_rate,6,0.004336300927819983,0.0027174813369658874,0.626681907505913,446.3333333333333,1.935435647450319,6,computed,CV requires at least 2 sample units and non-zero absolute mean rate; cell counts are tissue_wise_knn mapped to the rate celltype labels; unmatched rate rows are excluded
Mukin 2m SPF,B late stage,death_rate,6,0.04090447954769348,0.02616867162137932,0.6397507537253317,446.3333333333333,18.25703270478719,6,computed,CV requires at least 2 sample units and non-zero absolute mean rate; cell counts are tissue_wise_knn mapped to the rate celltype labels; unmatched rate rows are excluded
Mukin 2m SPF,Basal KC,proliferation_rate,6,0.025517086439955265,0.010472748185278666,0.41042100201848225,720.0,18.37230223676779,6,computed,CV requires at least 2 sample units and non-zero absolute mean rate; cell counts are tissue_wise_knn mapped to the rate celltype labels; unmatched rate rows are excluded
Mukin 2m SPF,Basal KC,death_rate,6,0.017348340128397467,0.003721339306976828,0.2145069372305754,720.0,12.490804892446176,6,computed,CV requires at least 2 sample units and non-zero absolute mean rate; cell counts are tissue_wise_knn mapped to the rate celltype labels; unmatched rate rows are excluded
Mukin 2m SPF,Cd4 Tcell,proliferation_rate,3,0.0038275940447996333,0.000797049781845976,0.20823780487611765,336.3333333333333,1.2873474637342766,3,computed,CV requires at least 2 sample units and non-zero absolute mean rate; cell counts are tissue_wise_knn mapped to the rate celltype labels; unmatched rate rows are excluded
Mukin 2m SPF,Cd4 Tcell,death_rate,3,0.023683015701005065,0.006287386716105883,0.26548083214922064,336.3333333333333,7.965387614104703,3,computed,CV requires at least 2 sample units and non-zero absolute mean rate; cell counts are tissue_wise_knn mapped to the rate celltype labels; unmatched rate rows are excluded
Mukin 2m SPF,Cd8 Tcell,proliferation_rate,3,0.0036690256412435333,0.0005252917625056968,0.14316928085780864,251.33333333333334,0.9221484444992081,3,computed,CV requires at least 2 sample units and non-zero absolute mean rate; cell counts are tissue_wise_knn mapped to the rate celltype labels; unmatched rate rows are excluded
Mukin 2m SPF,Cd8 Tcell,death_rate,3,0.017788582629430633,0.0010892296866220831,0.06123195474944631,251.33333333333334,4.470863767530233,3,computed,CV requires at least 2 sample units and non-zero absolute mean rate; cell counts are tissue_wise_knn mapped to the rate celltype labels; unmatched rate rows are excluded
Mukin 2m SPF,Dermal Papilla,proliferation_rate,2,0.0046118207162735,0.0007279204323997398,0.15783797271892283,382.0,1.7617155136164768,2,computed,CV requires at least 2 sample units and non-zero absolute mean rate; cell counts are tissue_wise_knn mapped to the rate celltype labels; unmatched rate rows are excluded
Mukin 2m SPF,Dermal Papilla,death_rate,2,0.0055791092031536,0.0007457353817871041,0.13366567217676542,382.0,2.1312197156046753,2,computed,CV requires at least 2 sample units and non-zero absolute mean rate; cell counts are tissue_wise_knn mapped to the rate celltype labels; unmatched rate rows are excluded
Mukin 2m SPF,Endothelial cell-Dermis-B,proliferation_rate,2,0.00408518264734615,0.00028185788500261936,0.06899517337020958,257.0,1.0498919403679607,2,computed,CV requires at least 2 sample units and non-zero absolute mean rate; cell counts are tissue_wise_knn mapped to the rate celltype labels; unmatched rate rows are excluded
Mukin 2m SPF,Endothelial cell-Dermis-B,death_rate,2,0.02378327766964875,0.009107840814375254,0.38295145609800907,257.0,6.112302361099729,2,computed,CV requires at least 2 sample units and non-zero absolute mean rate; cell counts are tissue_wise_knn mapped to the rate celltype labels; unmatched rate rows are excluded
Mukin 2m SPF,Endothelial cell-Lung,proliferation_rate,1,0.010440272298118,,,548.0,5.721269219368664,1,not_computed,CV requires at least 2 sample units and non-zero absolute mean rate; cell counts are tissue_wise_knn mapped to the rate celltype labels; unmatched rate rows are excluded
Mukin 2m SPF,Endothelial cell-Lung,death_rate,1,0.0990186748925077,,,548.0,54.262233841094215,1,not_computed,CV requires at least 2 sample units and non-zero absolute mean rate; cell counts are tissue_wise_knn mapped to the rate celltype labels; unmatched rate rows are excluded
Mukin 2m SPF,Endothelial cell-Mesentery,proliferation_rate,1,0.0046056006668422,,,297.0,1.3678633980521333,1,not_computed,CV requires at least 2 sample units and non-zero absolute mean rate; cell counts are tissue_wise_knn mapped to the rate celltype labels; unmatched rate rows are excluded
Mukin 2m SPF,Endothelial cell-Mesentery,death_rate,1,0.0954695817981232,,,297.0,28.354465794042593,1,not_computed,CV requires at least 2 sample units and non-zero absolute mean rate; cell counts are tissue_wise_knn mapped to the rate celltype labels; unmatched rate rows are excluded
Mukin 2m SPF,Fibroblast-Dermis-B,proliferation_rate,2,0.00260713843610525,0.0004775918028610399,0.18318620762405863,285.0,0.7430344542899963,2,computed,CV requires at least 2 sample units and non-zero absolute mean rate; cell counts are tissue_wise_knn mapped to the rate celltype labels; unmatched rate rows are excluded
Mukin 2m SPF,Fibroblast-Dermis-B,death_rate,2,0.017534379468183002,0.00012267397349922314,0.006996197026636793,285.0,4.997298148432155,2,computed,CV requires at least 2 sample units and non-zero absolute mean rate; cell counts are tissue_wise_knn mapped to the rate celltype labels; unmatched rate rows are excluded
Mukin 2m SPF,Fibroblast-Lung,proliferation_rate,1,0.0058845003108741,,,229.0,1.347550571190169,1,not_computed,CV requires at least 2 sample units and non-zero absolute mean rate; cell counts are tissue_wise_knn mapped to the rate celltype labels; unmatched rate rows are excluded
Mukin 2m SPF,Fibroblast-Lung,death_rate,1,0.0158287293661972,,,229.0,3.624779024859159,1,not_computed,CV requires at least 2 sample units and non-zero absolute mean rate; cell counts are tissue_wise_knn mapped to the rate celltype labels; unmatched rate rows are excluded
Mukin 2m SPF,Fibroblast-Mesentery,proliferation_rate,1,0.0027141011017829,,,490.0,1.329909539873621,1,not_computed,CV requires at least 2 sample units and non-zero absolute mean rate; cell counts are tissue_wise_knn mapped to the rate celltype labels; unmatched rate rows are excluded
Mukin 2m SPF,Fibroblast-Mesentery,death_rate,1,0.0273356295962199,,,490.0,13.394458502147751,1,not_computed,CV requires at least 2 sample units and non-zero absolute mean rate; cell counts are tissue_wise_knn mapped to the rate celltype labels; unmatched rate rows are excluded
Mukin 2m SPF,Glial cell,proliferation_rate,2,0.0028604614918332502,0.0002532382307065006,0.088530550552597,206.5,0.5906852980635662,2,computed,CV requires at least 2 sample units and non-zero absolute mean rate; cell counts are tissue_wise_knn mapped to the rate celltype labels; unmatched rate rows are excluded
Mukin 2m SPF,Glial cell,death_rate,2,0.01395790583321405,0.0049301023088729945,0.35321217722657133,206.5,2.882307554558701,2,computed,CV requires at least 2 sample units and non-zero absolute mean rate; cell counts are tissue_wise_knn mapped to the rate celltype labels; unmatched rate rows are excluded
Mukin 2m SPF,Granulosum KC,proliferation_rate,6,0.013164174150692168,0.002445609853839737,0.18577768919223447,307.1666666666667,4.0435954932876115,6,computed,CV requires at least 2 sample units and non-zero absolute mean rate; cell counts are tissue_wise_knn mapped to the rate celltype labels; unmatched rate rows are excluded
Mukin 2m SPF,Granulosum KC,death_rate,6,0.015621714512940013,0.0029815056939522548,0.19085649603201807,307.1666666666667,4.798469974558074,6,computed,CV requires at least 2 sample units and non-zero absolute mean rate; cell counts are tissue_wise_knn mapped to the rate celltype labels; unmatched rate rows are excluded
Mukin 2m SPF,Hair Follicle,proliferation_rate,5,0.007398589892716001,0.0021360566715696912,0.2887113223659909,456.4,3.3767164270355825,5,computed,CV requires at least 2 sample units and non-zero absolute mean rate; cell counts are tissue_wise_knn mapped to the rate celltype labels; unmatched rate rows are excluded
Mukin 2m SPF,Hair Follicle,death_rate,5,0.04729250853917154,0.015928351616186234,0.3368049635809246,456.4,21.58430089727789,5,computed,CV requires at least 2 sample units and non-zero absolute mean rate; cell counts are tissue_wise_knn mapped to the rate celltype labels; unmatched rate rows are excluded
Mukin 2m SPF,ILCs,proliferation_rate,2,0.0019465721119699998,0.0012207832577820603,0.6271451492986738,127.0,0.24721465822018998,2,computed,CV requires at least 2 sample units and non-zero absolute mean rate; cell counts are tissue_wise_knn mapped to the rate celltype labels; unmatched rate rows are excluded
Mukin 2m SPF,ILCs,death_rate,2,0.01413289139997475,0.002673255013246805,0.18915131642853925,127.0,1.7948772077967932,2,computed,CV requires at least 2 sample units and non-zero absolute mean rate; cell counts are tissue_wise_knn mapped to the rate celltype labels; unmatched rate rows are excluded
Mukin 2m SPF,Lymphatic EC,proliferation_rate,1,0.0044197398379337,,,110.0,0.48617138217270695,1,not_computed,CV requires at least 2 sample units and non-zero absolute mean rate; cell counts are tissue_wise_knn mapped to the rate celltype labels; unmatched rate rows are excluded
Mukin 2m SPF,Lymphatic EC,death_rate,1,0.030299101426932,,,110.0,3.33290115696252,1,not_computed,CV requires at least 2 sample units and non-zero absolute mean rate; cell counts are tissue_wise_knn mapped to the rate celltype labels; unmatched rate rows are excluded
Mukin 2m SPF,Marginal B cell,proliferation_rate,1,0.0019425857580013,,,124.0,0.2408806339921612,1,not_computed,CV requires at least 2 sample units and non-zero absolute mean rate; cell counts are tissue_wise_knn mapped to the rate celltype labels; unmatched rate rows are excluded
Mukin 2m SPF,Marginal B cell,death_rate,1,0.0294419032065781,,,124.0,3.6507959976156843,1,not_computed,CV requires at least 2 sample units and non-zero absolute mean rate; cell counts are tissue_wise_knn mapped to the rate celltype labels; unmatched rate rows are excluded
Mukin 2m SPF,Mesothelial cell,proliferation_rate,1,0.0038105633398903,,,438.0,1.6690267428719514,1,not_computed,CV requires at least 2 sample units and non-zero absolute mean rate; cell counts are tissue_wise_knn mapped to the rate celltype labels; unmatched rate rows are excluded
Mukin 2m SPF,Mesothelial cell,death_rate,1,0.0429375032933861,,,438.0,18.806626442503113,1,not_computed,CV requires at least 2 sample units and non-zero absolute mean rate; cell counts are tissue_wise_knn mapped to the rate celltype labels; unmatched rate rows are excluded
Mukin 2m SPF,Monocyte,proliferation_rate,3,0.011819794128851735,0.0022361713721085904,0.18918869040622022,134.33333333333334,1.5877923446424165,3,computed,CV requires at least 2 sample units and non-zero absolute mean rate; cell counts are tissue_wise_knn mapped to the rate celltype labels; unmatched rate rows are excluded
Mukin 2m SPF,Monocyte,death_rate,3,0.07911165210574293,0.010787885164702858,0.13636278446420835,134.33333333333334,10.627331932871469,3,computed,CV requires at least 2 sample units and non-zero absolute mean rate; cell counts are tissue_wise_knn mapped to the rate celltype labels; unmatched rate rows are excluded
Mukin 2m SPF,Mye-Neu Progenitor,proliferation_rate,3,0.1121177031551411,0.020777974869421092,0.18532287305841344,216.66666666666666,24.292169016947234,3,computed,CV requires at least 2 sample units and non-zero absolute mean rate; cell counts are tissue_wise_knn mapped to the rate celltype labels; unmatched rate rows are excluded
Mukin 2m SPF,Mye-Neu Progenitor,death_rate,3,0.0421683763816206,0.006130551788581601,0.14538268519282255,216.66666666666666,9.13648154935113,3,computed,CV requires at least 2 sample units and non-zero absolute mean rate; cell counts are tissue_wise_knn mapped to the rate celltype labels; unmatched rate rows are excluded
Mukin 2m SPF,Neutrophil,proliferation_rate,3,0.004680579139460733,0.0005021369903138264,0.1072809529232059,326.0,1.5258687994641988,3,computed,CV requires at least 2 sample units and non-zero absolute mean rate; cell counts are tissue_wise_knn mapped to the rate celltype labels; unmatched rate rows are excluded
Mukin 2m SPF,Neutrophil,death_rate,3,0.0177538425644801,0.0017340089865323124,0.0976695033897351,326.0,5.787752676020513,3,computed,CV requires at least 2 sample units and non-zero absolute mean rate; cell counts are tissue_wise_knn mapped to the rate celltype labels; unmatched rate rows are excluded
Mukin 2m SPF,Pneumocyte,proliferation_rate,1,0.0048571297167587,,,121.0,0.5877126957278027,1,not_computed,CV requires at least 2 sample units and non-zero absolute mean rate; cell counts are tissue_wise_knn mapped to the rate celltype labels; unmatched rate rows are excluded
Mukin 2m SPF,Pneumocyte,death_rate,1,0.0579371265433848,,,121.0,7.010392311749561,1,not_computed,CV requires at least 2 sample units and non-zero absolute mean rate; cell counts are tissue_wise_knn mapped to the rate celltype labels; unmatched rate rows are excluded
Mukin 2m SPF,Spinosum KC,proliferation_rate,6,0.007418123065870666,0.0006424506641977414,0.08660555486785212,535.5,3.9724049017737415,6,computed,CV requires at least 2 sample units and non-zero absolute mean rate; cell counts are tissue_wise_knn mapped to the rate celltype labels; unmatched rate rows are excluded
Mukin 2m SPF,Spinosum KC,death_rate,6,0.02186314524800945,0.005359548542683649,0.24514078289680732,535.5,11.70771428030906,6,computed,CV requires at least 2 sample units and non-zero absolute mean rate; cell counts are tissue_wise_knn mapped to the rate celltype labels; unmatched rate rows are excluded
Mukin 2m SPF,TR-Macrophage,proliferation_rate,1,0.0025756875827518,,,688.0,1.7720730569332384,1,not_computed,CV requires at least 2 sample units and non-zero absolute mean rate; cell counts are tissue_wise_knn mapped to the rate celltype labels; unmatched rate rows are excluded
Mukin 2m SPF,TR-Macrophage,death_rate,1,0.0429205062490251,,,688.0,29.529308299329273,1,not_computed,CV requires at least 2 sample units and non-zero absolute mean rate; cell counts are tissue_wise_knn mapped to the rate celltype labels; unmatched rate rows are excluded
TMS 1m male,B cell,proliferation_rate,4,0.002647797619889975,0.000574622708487516,0.217019119652881,532.5,1.4099522325914118,4,computed,CV requires at least 2 sample units and non-zero absolute mean rate; cell counts are tissue_wise_knn mapped to the rate celltype labels; unmatched rate rows are excluded
TMS 1m male,B cell,death_rate,4,0.02409867926960693,0.005529293704276124,0.22944384803899304,532.5,12.832546711065689,4,computed,CV requires at least 2 sample units and non-zero absolute mean rate; cell counts are tissue_wise_knn mapped to the rate celltype labels; unmatched rate rows are excluded
TMS 1m male,NK cell,proliferation_rate,1,0.0082352093032421,,,91.0,0.7494040465950311,1,not_computed,CV requires at least 2 sample units and non-zero absolute mean rate; cell counts are tissue_wise_knn mapped to the rate celltype labels; unmatched rate rows are excluded
TMS 1m male,NK cell,death_rate,1,0.0239815275190418,,,91.0,2.182319004232804,1,not_computed,CV requires at least 2 sample units and non-zero absolute mean rate; cell counts are tissue_wise_knn mapped to the rate celltype labels; unmatched rate rows are excluded
TMS 1m male,T cell,proliferation_rate,3,0.004698996393260866,0.0026877837162268387,0.5719910149498226,367.0,1.7245316763267378,3,computed,CV requires at least 2 sample units and non-zero absolute mean rate; cell counts are tissue_wise_knn mapped to the rate celltype labels; unmatched rate rows are excluded
TMS 1m male,T cell,death_rate,3,0.017818643990066333,0.003928132773713152,0.22045071307912295,367.0,6.539442344354344,3,computed,CV requires at least 2 sample units and non-zero absolute mean rate; cell counts are tissue_wise_knn mapped to the rate celltype labels; unmatched rate rows are excluded
TMS 1m male,alveolar macrophage,proliferation_rate,2,0.0146230312525991,0.0033027291477272422,0.22585803795914167,288.5,4.21874451637484,2,computed,CV requires at least 2 sample units and non-zero absolute mean rate; cell counts are tissue_wise_knn mapped to the rate celltype labels; unmatched rate rows are excluded
TMS 1m male,alveolar macrophage,death_rate,2,0.08481249718717555,0.01017294258577095,0.11994626880658803,288.5,24.46840543850015,2,computed,CV requires at least 2 sample units and non-zero absolute mean rate; cell counts are tissue_wise_knn mapped to the rate celltype labels; unmatched rate rows are excluded
TMS 1m male,basal cell of epidermis,proliferation_rate,2,0.0187449692269663,0.0011347534989628598,0.060536429013199784,889.0,16.66427764277304,2,computed,CV requires at least 2 sample units and non-zero absolute mean rate; cell counts are tissue_wise_knn mapped to the rate celltype labels; unmatched rate rows are excluded
TMS 1m male,basal cell of epidermis,death_rate,2,0.02134384629279055,0.004917866664225546,0.2304114542788235,889.0,18.974679354290796,2,computed,CV requires at least 2 sample units and non-zero absolute mean rate; cell counts are tissue_wise_knn mapped to the rate celltype labels; unmatched rate rows are excluded
TMS 1m male,bladder cell,proliferation_rate,1,0.0069113712353828,,,629.0,4.3472525070557815,1,not_computed,CV requires at least 2 sample units and non-zero absolute mean rate; cell counts are tissue_wise_knn mapped to the rate celltype labels; unmatched rate rows are excluded
TMS 1m male,bladder cell,death_rate,1,0.0220093351251657,,,629.0,13.843871793729225,1,not_computed,CV requires at least 2 sample units and non-zero absolute mean rate; cell counts are tissue_wise_knn mapped to the rate celltype labels; unmatched rate rows are excluded
TMS 1m male,bladder urothelial cell,proliferation_rate,1,0.0043450810167963,,,188.0,0.8168752311577044,1,not_computed,CV requires at least 2 sample units and non-zero absolute mean rate; cell counts are tissue_wise_knn mapped to the rate celltype labels; unmatched rate rows are excluded
TMS 1m male,bladder urothelial cell,death_rate,1,0.0475000250068296,,,188.0,8.930004701283965,1,not_computed,CV requires at least 2 sample units and non-zero absolute mean rate; cell counts are tissue_wise_knn mapped to the rate celltype labels; unmatched rate rows are excluded
TMS 1m male,bronchial smooth muscle cell,proliferation_rate,2,0.0086528704073272,0.001136542971032095,0.1313486643772773,160.5,1.3887857003760156,2,computed,CV requires at least 2 sample units and non-zero absolute mean rate; cell counts are tissue_wise_knn mapped to the rate celltype labels; unmatched rate rows are excluded
TMS 1m male,bronchial smooth muscle cell,death_rate,2,0.05906767692871315,0.007494111225689887,0.12687330220780962,160.5,9.480362147058461,2,computed,CV requires at least 2 sample units and non-zero absolute mean rate; cell counts are tissue_wise_knn mapped to the rate celltype labels; unmatched rate rows are excluded
TMS 1m male,classical monocyte,proliferation_rate,2,0.006615135733351251,0.00033788136253500175,0.05107701128965798,243.0,1.607477983204354,2,computed,CV requires at least 2 sample units and non-zero absolute mean rate; cell counts are tissue_wise_knn mapped to the rate celltype labels; unmatched rate rows are excluded
TMS 1m male,classical monocyte,death_rate,2,0.0254486929524068,0.004628719847026788,0.1818843842268539,243.0,6.184032387434852,2,computed,CV requires at least 2 sample units and non-zero absolute mean rate; cell counts are tissue_wise_knn mapped to the rate celltype labels; unmatched rate rows are excluded
TMS 1m male,endothelial cell,proliferation_rate,3,0.0062847467766017325,0.005348932050370106,0.8510974651014281,540.6666666666666,3.3979530905493363,3,computed,CV requires at least 2 sample units and non-zero absolute mean rate; cell counts are tissue_wise_knn mapped to the rate celltype labels; unmatched rate rows are excluded
TMS 1m male,endothelial cell,death_rate,3,0.059092873049452994,0.003987445996095488,0.06747761261765896,540.6666666666666,31.94954669540425,3,computed,CV requires at least 2 sample units and non-zero absolute mean rate; cell counts are tissue_wise_knn mapped to the rate celltype labels; unmatched rate rows are excluded
TMS 1m male,erythroblast,proliferation_rate,2,0.0198956957527335,0.0017945069588889144,0.0901957378717135,89.0,1.7707169219932815,2,computed,CV requires at least 2 sample units and non-zero absolute mean rate; cell counts are tissue_wise_knn mapped to the rate celltype labels; unmatched rate rows are excluded
TMS 1m male,erythroblast,death_rate,2,0.00410626245308595,1.2683363997727039e-05,0.003088785517885054,89.0,0.36545735832464954,2,computed,CV requires at least 2 sample units and non-zero absolute mean rate; cell counts are tissue_wise_knn mapped to the rate celltype labels; unmatched rate rows are excluded
TMS 1m male,granulocyte,proliferation_rate,2,0.0034250691666742,0.00015401725822506094,0.04496763444185108,352.5,1.2073368812526555,2,computed,CV requires at least 2 sample units and non-zero absolute mean rate; cell counts are tissue_wise_knn mapped to the rate celltype labels; unmatched rate rows are excluded
TMS 1m male,granulocyte,death_rate,2,0.0044973377346205,5.371629871935751e-05,0.011944021527636118,352.5,1.5853115514537264,2,computed,CV requires at least 2 sample units and non-zero absolute mean rate; cell counts are tissue_wise_knn mapped to the rate celltype labels; unmatched rate rows are excluded
TMS 1m male,granulocytopoietic cell,proliferation_rate,2,0.10884304807810975,0.0026161329428863378,0.02403582947262654,374.5,40.761721505252105,2,computed,CV requires at least 2 sample units and non-zero absolute mean rate; cell counts are tissue_wise_knn mapped to the rate celltype labels; unmatched rate rows are excluded
TMS 1m male,granulocytopoietic cell,death_rate,2,0.012079551260781751,0.0010112991683712824,0.08371992854193445,374.5,4.523791947162766,2,computed,CV requires at least 2 sample units and non-zero absolute mean rate; cell counts are tissue_wise_knn mapped to the rate celltype labels; unmatched rate rows are excluded
TMS 1m male,hematopoietic precursor cell,proliferation_rate,2,0.019199824619714898,0.005658535718102545,0.2947180940544742,83.5,1.603185355746194,2,computed,CV requires at least 2 sample units and non-zero absolute mean rate; cell counts are tissue_wise_knn mapped to the rate celltype labels; unmatched rate rows are excluded
TMS 1m male,hematopoietic precursor cell,death_rate,2,0.0128864625338892,0.002633322490303286,0.2043479724073303,83.5,1.0760196215797482,2,computed,CV requires at least 2 sample units and non-zero absolute mean rate; cell counts are tissue_wise_knn mapped to the rate celltype labels; unmatched rate rows are excluded
TMS 1m male,keratinocyte,proliferation_rate,2,0.013200146983046501,0.0012572842659539659,0.09524774743559662,1355.5,17.892799235519533,2,computed,CV requires at least 2 sample units and non-zero absolute mean rate; cell counts are tissue_wise_knn mapped to the rate celltype labels; unmatched rate rows are excluded
TMS 1m male,keratinocyte,death_rate,2,0.0348820256652879,0.002731643698329796,0.07831092507474796,1355.5,47.28258578929775,2,computed,CV requires at least 2 sample units and non-zero absolute mean rate; cell counts are tissue_wise_knn mapped to the rate celltype labels; unmatched rate rows are excluded
TMS 1m male,macrophage,proliferation_rate,3,0.004262715858849066,0.0006884436133865808,0.16150351939536986,140.66666666666666,0.5996220308114353,3,computed,CV requires at least 2 sample units and non-zero absolute mean rate; cell counts are tissue_wise_knn mapped to the rate celltype labels; unmatched rate rows are excluded
TMS 1m male,macrophage,death_rate,3,0.041721567248818,0.018740860334245237,0.44918879059549655,140.66666666666666,5.868833793000398,3,computed,CV requires at least 2 sample units and non-zero absolute mean rate; cell counts are tissue_wise_knn mapped to the rate celltype labels; unmatched rate rows are excluded
TMS 1m male,mature NK T cell,proliferation_rate,1,0.0042821430725369,,,132.0,0.5652428855748708,1,not_computed,CV requires at least 2 sample units and non-zero absolute mean rate; cell counts are tissue_wise_knn mapped to the rate celltype labels; unmatched rate rows are excluded
TMS 1m male,mature NK T cell,death_rate,1,0.0207271157304431,,,132.0,2.735979276418489,1,not_computed,CV requires at least 2 sample units and non-zero absolute mean rate; cell counts are tissue_wise_knn mapped to the rate celltype labels; unmatched rate rows are excluded
TMS 1m male,megakaryocyte-erythroid progenitor cell,proliferation_rate,2,0.08124404990720399,0.016110704504921997,0.1983001158032306,77.5,6.296413867808309,2,computed,CV requires at least 2 sample units and non-zero absolute mean rate; cell counts are tissue_wise_knn mapped to the rate celltype labels; unmatched rate rows are excluded
TMS 1m male,megakaryocyte-erythroid progenitor cell,death_rate,2,0.00915344899880785,0.0007339190813236446,0.08017951281743424,77.5,0.7093922974076085,2,computed,CV requires at least 2 sample units and non-zero absolute mean rate; cell counts are tissue_wise_knn mapped to the rate celltype labels; unmatched rate rows are excluded
TMS 1m male,mesenchymal stem cell,proliferation_rate,2,0.0032364463933626996,0.00024029464390339892,0.07424644647172123,1178.0,3.8125338513812603,2,computed,CV requires at least 2 sample units and non-zero absolute mean rate; cell counts are tissue_wise_knn mapped to the rate celltype labels; unmatched rate rows are excluded
TMS 1m male,mesenchymal stem cell,death_rate,2,0.0167997571479429,5.575893922801766e-05,0.0033190324560641187,1178.0,19.790113920276735,2,computed,CV requires at least 2 sample units and non-zero absolute mean rate; cell counts are tissue_wise_knn mapped to the rate celltype labels; unmatched rate rows are excluded
TMS 1m male,monocyte,proliferation_rate,2,0.01254711365500835,0.000527225622367491,0.04201967375636561,145.0,1.8193314799762108,2,computed,CV requires at least 2 sample units and non-zero absolute mean rate; cell counts are tissue_wise_knn mapped to the rate celltype labels; unmatched rate rows are excluded
TMS 1m male,monocyte,death_rate,2,0.01163248865624065,0.0010735148455729322,0.09228591381406662,145.0,1.6867108551548944,2,computed,CV requires at least 2 sample units and non-zero absolute mean rate; cell counts are tissue_wise_knn mapped to the rate celltype labels; unmatched rate rows are excluded
TMS 1m male,neutrophil,proliferation_rate,2,0.00157015240288735,0.00014425585711691754,0.09187379317551961,32.0,0.0502448768923952,2,computed,CV requires at least 2 sample units and non-zero absolute mean rate; cell counts are tissue_wise_knn mapped to the rate celltype labels; unmatched rate rows are excluded
TMS 1m male,neutrophil,death_rate,2,0.0416225028866654,0.016538747282034957,0.397351099405737,32.0,1.3319200923732928,2,computed,CV requires at least 2 sample units and non-zero absolute mean rate; cell counts are tissue_wise_knn mapped to the rate celltype labels; unmatched rate rows are excluded
TMS 1m male,non-classical monocyte,proliferation_rate,2,0.0063381910647073506,0.0003289108253662646,0.05189348538224466,78.5,0.49754799857952703,2,computed,CV requires at least 2 sample units and non-zero absolute mean rate; cell counts are tissue_wise_knn mapped to the rate celltype labels; unmatched rate rows are excluded
TMS 1m male,non-classical monocyte,death_rate,2,0.02743525928918305,0.009938854812627065,0.36226575108570874,78.5,2.153667854200869,2,computed,CV requires at least 2 sample units and non-zero absolute mean rate; cell counts are tissue_wise_knn mapped to the rate celltype labels; unmatched rate rows are excluded
TMS 1m male,plasma cell,proliferation_rate,1,0.001106929593305,,,7.0,0.0077485071531349994,1,not_computed,CV requires at least 2 sample units and non-zero absolute mean rate; cell counts are tissue_wise_knn mapped to the rate celltype labels; unmatched rate rows are excluded
TMS 1m male,plasma cell,death_rate,1,0.0895465248709128,,,7.0,0.6268256740963896,1,not_computed,CV requires at least 2 sample units and non-zero absolute mean rate; cell counts are tissue_wise_knn mapped to the rate celltype labels; unmatched rate rows are excluded
TMS 1m male,promonocyte,proliferation_rate,1,0.1577598396333945,,,94.0,14.829424925539081,1,not_computed,CV requires at least 2 sample units and non-zero absolute mean rate; cell counts are tissue_wise_knn mapped to the rate celltype labels; unmatched rate rows are excluded
TMS 1m male,promonocyte,death_rate,1,0.0244707323579743,,,94.0,2.3002488416495845,1,not_computed,CV requires at least 2 sample units and non-zero absolute mean rate; cell counts are tissue_wise_knn mapped to the rate celltype labels; unmatched rate rows are excluded
TMS 1m male,skeletal muscle satellite cell,proliferation_rate,2,0.00330160327291785,0.00027070373866454415,0.0819916011366517,254.5,0.8402580329575928,2,computed,CV requires at least 2 sample units and non-zero absolute mean rate; cell counts are tissue_wise_knn mapped to the rate celltype labels; unmatched rate rows are excluded
TMS 1m male,skeletal muscle satellite cell,death_rate,2,0.0107066947595938,0.000542465246398767,0.05066598596291237,254.5,2.7248538163166223,2,computed,CV requires at least 2 sample units and non-zero absolute mean rate; cell counts are tissue_wise_knn mapped to the rate celltype labels; unmatched rate rows are excluded
TMS 1m male,smooth muscle cell,proliferation_rate,2,0.00308363378569505,0.0006278489281649616,0.20360683913814517,185.0,0.5704722503535843,2,computed,CV requires at least 2 sample units and non-zero absolute mean rate; cell counts are tissue_wise_knn mapped to the rate celltype labels; unmatched rate rows are excluded
TMS 1m male,smooth muscle cell,death_rate,2,0.0635343299976764,0.0015614246780869423,0.024576078446786914,185.0,11.753851049570134,2,computed,CV requires at least 2 sample units and non-zero absolute mean rate; cell counts are tissue_wise_knn mapped to the rate celltype labels; unmatched rate rows are excluded
TMS 3m male,NK cell,proliferation_rate,1,0.00476353982879,,,263.0,1.25281097497177,1,not_computed,CV requires at least 2 sample units and non-zero absolute mean rate; cell counts are tissue_wise_knn mapped to the rate celltype labels; unmatched rate rows are excluded
TMS 3m male,NK cell,death_rate,1,0.0327413194298547,,,263.0,8.610967010051786,1,not_computed,CV requires at least 2 sample units and non-zero absolute mean rate; cell counts are tissue_wise_knn mapped to the rate celltype labels; unmatched rate rows are excluded
TMS 3m male,adventitial cell,proliferation_rate,2,0.0033785035608739,6.560525675620924e-05,0.019418436468730395,179.0,0.6047521373964281,2,computed,CV requires at least 2 sample units and non-zero absolute mean rate; cell counts are tissue_wise_knn mapped to the rate celltype labels; unmatched rate rows are excluded
TMS 3m male,adventitial cell,death_rate,2,0.03773051959788855,0.008074470788748917,0.21400369978474337,179.0,6.75376300802205,2,computed,CV requires at least 2 sample units and non-zero absolute mean rate; cell counts are tissue_wise_knn mapped to the rate celltype labels; unmatched rate rows are excluded
TMS 3m male,basal cell of epidermis,proliferation_rate,2,0.0149585278217773,0.0008165655105451065,0.05458862799027011,1470.5,21.99651516192352,2,computed,CV requires at least 2 sample units and non-zero absolute mean rate; cell counts are tissue_wise_knn mapped to the rate celltype labels; unmatched rate rows are excluded
TMS 3m male,basal cell of epidermis,death_rate,2,0.015113750527166448,0.00104909332388462,0.06941316928573822,1470.5,22.22477015019826,2,computed,CV requires at least 2 sample units and non-zero absolute mean rate; cell counts are tissue_wise_knn mapped to the rate celltype labels; unmatched rate rows are excluded
TMS 3m male,basal epithelial cell of tracheobronchial tree,proliferation_rate,1,0.0031328662484234,,,172.0,0.5388529947288249,1,not_computed,CV requires at least 2 sample units and non-zero absolute mean rate; cell counts are tissue_wise_knn mapped to the rate celltype labels; unmatched rate rows are excluded
TMS 3m male,basal epithelial cell of tracheobronchial tree,death_rate,1,0.2409404806285554,,,172.0,41.44176266811153,1,not_computed,CV requires at least 2 sample units and non-zero absolute mean rate; cell counts are tissue_wise_knn mapped to the rate celltype labels; unmatched rate rows are excluded
TMS 3m male,bladder cell,proliferation_rate,1,0.0036423465371872,,,875.0,3.1870532200387998,1,not_computed,CV requires at least 2 sample units and non-zero absolute mean rate; cell counts are tissue_wise_knn mapped to the rate celltype labels; unmatched rate rows are excluded
TMS 3m male,bladder cell,death_rate,1,0.0211285049711909,,,875.0,18.487441849792038,1,not_computed,CV requires at least 2 sample units and non-zero absolute mean rate; cell counts are tissue_wise_knn mapped to the rate celltype labels; unmatched rate rows are excluded
TMS 3m male,bladder urothelial cell,proliferation_rate,1,0.003421422189126,,,836.0,2.860308950109336,1,not_computed,CV requires at least 2 sample units and non-zero absolute mean rate; cell counts are tissue_wise_knn mapped to the rate celltype labels; unmatched rate rows are excluded
TMS 3m male,bladder urothelial cell,death_rate,1,0.044184276663523,,,836.0,36.93805529070523,1,not_computed,CV requires at least 2 sample units and non-zero absolute mean rate; cell counts are tissue_wise_knn mapped to the rate celltype labels; unmatched rate rows are excluded
TMS 3m male,chondrocyte,proliferation_rate,1,0.0021035316855317,,,1154.0,2.427475565103582,1,not_computed,CV requires at least 2 sample units and non-zero absolute mean rate; cell counts are tissue_wise_knn mapped to the rate celltype labels; unmatched rate rows are excluded
TMS 3m male,chondrocyte,death_rate,1,0.1619343065392607,,,1154.0,186.87218974630684,1,not_computed,CV requires at least 2 sample units and non-zero absolute mean rate; cell counts are tissue_wise_knn mapped to the rate celltype labels; unmatched rate rows are excluded
TMS 3m male,endothelial cell,proliferation_rate,1,0.005821680605643,,,96.0,0.558881338141728,1,not_computed,CV requires at least 2 sample units and non-zero absolute mean rate; cell counts are tissue_wise_knn mapped to the rate celltype labels; unmatched rate rows are excluded
TMS 3m male,endothelial cell,death_rate,1,0.1777284382671466,,,96.0,17.061930073646074,1,not_computed,CV requires at least 2 sample units and non-zero absolute mean rate; cell counts are tissue_wise_knn mapped to the rate celltype labels; unmatched rate rows are excluded
TMS 3m male,fibroblast,proliferation_rate,1,0.0019550686491352,,,874.0,1.7087299993441647,1,not_computed,CV requires at least 2 sample units and non-zero absolute mean rate; cell counts are tissue_wise_knn mapped to the rate celltype labels; unmatched rate rows are excluded
TMS 3m male,fibroblast,death_rate,1,0.1714287139345493,,,874.0,149.8286959787961,1,not_computed,CV requires at least 2 sample units and non-zero absolute mean rate; cell counts are tissue_wise_knn mapped to the rate celltype labels; unmatched rate rows are excluded
TMS 3m male,fibroblast of lung,proliferation_rate,2,0.0032832565535647,0.00016367810165897152,0.04985236425745128,553.0,1.8156408741212793,2,computed,CV requires at least 2 sample units and non-zero absolute mean rate; cell counts are tissue_wise_knn mapped to the rate celltype labels; unmatched rate rows are excluded
TMS 3m male,fibroblast of lung,death_rate,2,0.04363404763701455,0.0005147712177102152,0.01179746655622059,553.0,24.129628343269044,2,computed,CV requires at least 2 sample units and non-zero absolute mean rate; cell counts are tissue_wise_knn mapped to the rate celltype labels; unmatched rate rows are excluded
TMS 3m male,granulocyte,proliferation_rate,1,0.0028294825799535,,,129.0,0.36500325281400153,1,not_computed,CV requires at least 2 sample units and non-zero absolute mean rate; cell counts are tissue_wise_knn mapped to the rate celltype labels; unmatched rate rows are excluded
TMS 3m male,granulocyte,death_rate,1,0.0889609005477092,,,129.0,11.475956170654488,1,not_computed,CV requires at least 2 sample units and non-zero absolute mean rate; cell counts are tissue_wise_knn mapped to the rate celltype labels; unmatched rate rows are excluded
TMS 3m male,keratinocyte,proliferation_rate,2,0.0124532212050873,0.0003305448622468194,0.026542920647052156,1311.0,16.32617299986945,2,computed,CV requires at least 2 sample units and non-zero absolute mean rate; cell counts are tissue_wise_knn mapped to the rate celltype labels; unmatched rate rows are excluded
TMS 3m male,keratinocyte,death_rate,2,0.04130281911792095,0.010970253316962993,0.2656054368986908,1311.0,54.14799586359436,2,computed,CV requires at least 2 sample units and non-zero absolute mean rate; cell counts are tissue_wise_knn mapped to the rate celltype labels; unmatched rate rows are excluded
TMS 3m male,macrophage,proliferation_rate,1,0.0040841141697541,,,111.0,0.4533366728427051,1,not_computed,CV requires at least 2 sample units and non-zero absolute mean rate; cell counts are tissue_wise_knn mapped to the rate celltype labels; unmatched rate rows are excluded
TMS 3m male,macrophage,death_rate,1,0.1297501193763602,,,111.0,14.402263250775981,1,not_computed,CV requires at least 2 sample units and non-zero absolute mean rate; cell counts are tissue_wise_knn mapped to the rate celltype labels; unmatched rate rows are excluded
TMS 3m male,mesenchymal cell,proliferation_rate,1,0.0013118627129843,,,353.0,0.46308753768345795,1,not_computed,CV requires at least 2 sample units and non-zero absolute mean rate; cell counts are tissue_wise_knn mapped to the rate celltype labels; unmatched rate rows are excluded
TMS 3m male,mesenchymal cell,death_rate,1,0.1827033151319264,,,353.0,64.49427024157002,1,not_computed,CV requires at least 2 sample units and non-zero absolute mean rate; cell counts are tissue_wise_knn mapped to the rate celltype labels; unmatched rate rows are excluded
TMS 3m male,mesenchymal progenitor cell,proliferation_rate,1,0.0034015012012259,,,674.0,2.2926118096262567,1,not_computed,CV requires at least 2 sample units and non-zero absolute mean rate; cell counts are tissue_wise_knn mapped to the rate celltype labels; unmatched rate rows are excluded
TMS 3m male,mesenchymal progenitor cell,death_rate,1,0.070938608436285,,,674.0,47.81262208605609,1,not_computed,CV requires at least 2 sample units and non-zero absolute mean rate; cell counts are tissue_wise_knn mapped to the rate celltype labels; unmatched rate rows are excluded
TMS 3m male,pulmonary interstitial fibroblast,proliferation_rate,1,0.0032500661603816,,,136.0,0.4420089978118976,1,not_computed,CV requires at least 2 sample units and non-zero absolute mean rate; cell counts are tissue_wise_knn mapped to the rate celltype labels; unmatched rate rows are excluded
TMS 3m male,pulmonary interstitial fibroblast,death_rate,1,0.0401655122065852,,,136.0,5.462509660095587,1,not_computed,CV requires at least 2 sample units and non-zero absolute mean rate; cell counts are tissue_wise_knn mapped to the rate celltype labels; unmatched rate rows are excluded
