contrast_order,contrast,condition_a,condition_b,cell_type,n_cells_a,n_cells_b,proliferation_rate_a,proliferation_rate_b,death_rate_a,death_rate_b,delta_proliferation,delta_death,abs_delta_proliferation,abs_delta_death,regulation_magnitude,regulation_threshold,passes_magnitude_filter,method3_k,method3_k_mukin_reference_sensitivity,death_fraction_m3,death_fraction_m3_magnitude_filtered,available_method3_fraction,unavailable_reason,cv_dataset,proliferation_typical_cv,death_typical_cv,global_mean_rate_source,n_aer_rate_rows_for_global_mean,proliferation_global_mean_used,death_global_mean_used,proliferation_global_mean_reference,death_global_mean_reference,proliferation_cv_source_dataset,death_cv_source_dataset,proliferation_cv_source_rate,death_cv_source_rate
0,WT E10.5 - E9.5,WT E10.5,WT E9.5,AER,229.0,411.0,0.031425795344143,0.0718126460683351,0.0128849986006158,0.0097947693278668,-0.0403868507241921,0.0030902292727490004,0.0403868507241921,0.0030902292727490004,0.0434770799969411,0.01925408834888737,True,0.26718784018952757,1.9637711363033914,0.22262127847930765,0.22262127847930765,True,,Mukin,0.1855502811253239,0.2026817166312967,AER sample_celltype_rates unweighted,34,0.05510995082662188,0.013480119916840068,0.015280225339747357,0.02747057020114343,Mukin 2m SPF,Mukin 2m SPF,proliferation_rate,death_rate
0,WT E10.5 - E9.5,WT E10.5,WT E9.5,DV,779.0,570.0,0.0300210330053421,0.0800827757347325,0.0158887944257385,0.0109574727373717,-0.0500617427293904,0.004931321688366802,0.0500617427293904,0.004931321688366802,0.054993064417757205,0.01925408834888737,True,0.26718784018952757,1.9637711363033914,0.26936499475203163,0.26936499475203163,True,,Mukin,0.1855502811253239,0.2026817166312967,AER sample_celltype_rates unweighted,34,0.05510995082662188,0.013480119916840068,0.015280225339747357,0.02747057020114343,Mukin 2m SPF,Mukin 2m SPF,proliferation_rate,death_rate
0,WT E10.5 - E9.5,WT E10.5,WT E9.5,Erythrocytes,498.0,350.0,0.036020384451435,0.0183515116941178,0.0035090414778996,0.0637847041492069,0.017668872757317204,-0.060275662671307295,0.017668872757317204,0.060275662671307295,0.0779445354286245,0.01925408834888737,True,0.26718784018952757,1.9637711363033914,0.9273668148113162,0.9273668148113162,True,,Mukin,0.1855502811253239,0.2026817166312967,AER sample_celltype_rates unweighted,34,0.05510995082662188,0.013480119916840068,0.015280225339747357,0.02747057020114343,Mukin 2m SPF,Mukin 2m SPF,proliferation_rate,death_rate
0,WT E10.5 - E9.5,WT E10.5,WT E9.5,Immune,181.0,,,,,,,,,,,0.01925408834888737,False,0.26718784018952757,1.9637711363033914,,,False,condition_b,Mukin,0.1855502811253239,0.2026817166312967,AER sample_celltype_rates unweighted,34,0.05510995082662188,0.013480119916840068,0.015280225339747357,0.02747057020114343,Mukin 2m SPF,Mukin 2m SPF,proliferation_rate,death_rate
0,WT E10.5 - E9.5,WT E10.5,WT E9.5,Mesenchyme,15742.0,7650.0,0.0369180262549892,0.0727864487887569,0.016248707282339,0.0142614721488097,-0.035868422533767694,0.001987235133529301,0.035868422533767694,0.001987235133529301,0.037855657667296996,0.01925408834888737,True,0.26718784018952757,1.9637711363033914,0.17174508325392113,0.17174508325392113,True,,Mukin,0.1855502811253239,0.2026817166312967,AER sample_celltype_rates unweighted,34,0.05510995082662188,0.013480119916840068,0.015280225339747357,0.02747057020114343,Mukin 2m SPF,Mukin 2m SPF,proliferation_rate,death_rate
0,WT E10.5 - E9.5,WT E10.5,WT E9.5,Muscle,1507.0,294.0,0.0306974663314059,0.0718195066157897,0.0209641180259487,0.0148517576815277,-0.04112204028438381,0.006112360344420998,0.04112204028438381,0.006112360344420998,0.0472344006288048,0.01925408834888737,True,0.26718784018952757,1.9637711363033914,0.3574548826432588,0.3574548826432588,True,,Mukin,0.1855502811253239,0.2026817166312967,AER sample_celltype_rates unweighted,34,0.05510995082662188,0.013480119916840068,0.015280225339747357,0.02747057020114343,Mukin 2m SPF,Mukin 2m SPF,proliferation_rate,death_rate
0,WT E10.5 - E9.5,WT E10.5,WT E9.5,Vascular cells,515.0,675.0,0.0579615311857342,0.0953593851648311,0.0071107711118157,0.0038618275431129,-0.037397853979096896,0.0032489435687028,0.037397853979096896,0.0032489435687028,0.04064679754779969,0.01925408834888737,True,0.26718784018952757,1.9637711363033914,0.24536633364935048,0.24536633364935048,True,,Mukin,0.1855502811253239,0.2026817166312967,AER sample_celltype_rates unweighted,34,0.05510995082662188,0.013480119916840068,0.015280225339747357,0.02747057020114343,Mukin 2m SPF,Mukin 2m SPF,proliferation_rate,death_rate
1,WT E11.5 - E10.5,WT E11.5,WT E10.5,AER,57.0,229.0,0.0509106677895523,0.031425795344143,0.014422358511544,0.0128849986006158,0.0194848724454093,0.0015373599109281995,0.0194848724454093,0.0015373599109281995,0.0210222323563375,0.01925408834888737,True,0.26718784018952757,1.9637711363033914,0.22797720267041952,0.22797720267041952,True,,Mukin,0.1855502811253239,0.2026817166312967,AER sample_celltype_rates unweighted,34,0.05510995082662188,0.013480119916840068,0.015280225339747357,0.02747057020114343,Mukin 2m SPF,Mukin 2m SPF,proliferation_rate,death_rate
1,WT E11.5 - E10.5,WT E11.5,WT E10.5,DV,189.0,779.0,0.0916429085684258,0.0300210330053421,0.0093870927688326,0.0158887944257385,0.0616218755630837,-0.0065017016569059016,0.0616218755630837,0.0065017016569059016,0.0681235772199896,0.01925408834888737,True,0.26718784018952757,1.9637711363033914,0.2830972644066926,0.2830972644066926,True,,Mukin,0.1855502811253239,0.2026817166312967,AER sample_celltype_rates unweighted,34,0.05510995082662188,0.013480119916840068,0.015280225339747357,0.02747057020114343,Mukin 2m SPF,Mukin 2m SPF,proliferation_rate,death_rate
1,WT E11.5 - E10.5,WT E11.5,WT E10.5,Erythrocytes,104.0,498.0,0.0167073417027895,0.036020384451435,0.0011216441644427,0.0035090414778996,-0.019313042748645502,-0.0023873973134569,0.019313042748645502,0.0023873973134569,0.0217004400621024,0.01925408834888737,True,0.26718784018952757,1.9637711363033914,0.31631180022081906,0.31631180022081906,True,,Mukin,0.1855502811253239,0.2026817166312967,AER sample_celltype_rates unweighted,34,0.05510995082662188,0.013480119916840068,0.015280225339747357,0.02747057020114343,Mukin 2m SPF,Mukin 2m SPF,proliferation_rate,death_rate
1,WT E11.5 - E10.5,WT E11.5,WT E10.5,Immune,,181.0,,,,,,,,,,0.01925408834888737,False,0.26718784018952757,1.9637711363033914,,,False,condition_a,Mukin,0.1855502811253239,0.2026817166312967,AER sample_celltype_rates unweighted,34,0.05510995082662188,0.013480119916840068,0.015280225339747357,0.02747057020114343,Mukin 2m SPF,Mukin 2m SPF,proliferation_rate,death_rate
1,WT E11.5 - E10.5,WT E11.5,WT E10.5,Mesenchyme,5945.0,15742.0,0.109090162056212,0.0369180262549892,0.0148184541539837,0.016248707282339,0.0721721358012228,-0.0014302531283552997,0.0721721358012228,0.0014302531283552997,0.0736023889295781,0.01925408834888737,True,0.26718784018952757,1.9637711363033914,0.06904842109926829,0.06904842109926829,True,,Mukin,0.1855502811253239,0.2026817166312967,AER sample_celltype_rates unweighted,34,0.05510995082662188,0.013480119916840068,0.015280225339747357,0.02747057020114343,Mukin 2m SPF,Mukin 2m SPF,proliferation_rate,death_rate
1,WT E11.5 - E10.5,WT E11.5,WT E10.5,Muscle,250.0,1507.0,0.1006481568504931,0.0306974663314059,0.0116059070129234,0.0209641180259487,0.0699506905190872,-0.009358211013025298,0.0699506905190872,0.009358211013025298,0.0793089015321125,0.01925408834888737,True,0.26718784018952757,1.9637711363033914,0.3336476508379323,0.3336476508379323,True,,Mukin,0.1855502811253239,0.2026817166312967,AER sample_celltype_rates unweighted,34,0.05510995082662188,0.013480119916840068,0.015280225339747357,0.02747057020114343,Mukin 2m SPF,Mukin 2m SPF,proliferation_rate,death_rate
1,WT E11.5 - E10.5,WT E11.5,WT E10.5,Vascular cells,,515.0,,,,,,,,,,0.01925408834888737,False,0.26718784018952757,1.9637711363033914,,,False,condition_a,Mukin,0.1855502811253239,0.2026817166312967,AER sample_celltype_rates unweighted,34,0.05510995082662188,0.013480119916840068,0.015280225339747357,0.02747057020114343,Mukin 2m SPF,Mukin 2m SPF,proliferation_rate,death_rate
2,Dac E10.5 - E9.5,Dac E10.5,Dac E9.5,AER,110.0,484.0,0.0107999581429362,0.044691293941659,0.0235099229477428,0.011668106886466,-0.033891335798722805,0.0118418160612768,0.033891335798722805,0.0118418160612768,0.045733151859999606,0.01925408834888737,True,0.26718784018952757,1.9637711363033914,0.5666708314608471,0.5666708314608471,True,,Mukin,0.1855502811253239,0.2026817166312967,AER sample_celltype_rates unweighted,34,0.05510995082662188,0.013480119916840068,0.015280225339747357,0.02747057020114343,Mukin 2m SPF,Mukin 2m SPF,proliferation_rate,death_rate
2,Dac E10.5 - E9.5,Dac E10.5,Dac E9.5,DV,673.0,689.0,0.0396721621189616,0.0530995174255998,0.0153151170155325,0.0095667876008393,-0.013427355306638196,0.0057483294146932,0.013427355306638196,0.0057483294146932,0.019175684721331396,0.01925408834888737,False,0.26718784018952757,1.9637711363033914,0.6157194545230991,,True,,Mukin,0.1855502811253239,0.2026817166312967,AER sample_celltype_rates unweighted,34,0.05510995082662188,0.013480119916840068,0.015280225339747357,0.02747057020114343,Mukin 2m SPF,Mukin 2m SPF,proliferation_rate,death_rate
2,Dac E10.5 - E9.5,Dac E10.5,Dac E9.5,Erythrocytes,221.0,268.0,0.0419822981143718,0.0510166704836816,0.0029227930402869,0.0030687646121594,-0.009034372369309804,-0.00014597157187249982,0.009034372369309804,0.00014597157187249982,0.009180343941182303,0.01925408834888737,False,0.26718784018952757,1.9637711363033914,0.05702357530433848,,True,,Mukin,0.1855502811253239,0.2026817166312967,AER sample_celltype_rates unweighted,34,0.05510995082662188,0.013480119916840068,0.015280225339747357,0.02747057020114343,Mukin 2m SPF,Mukin 2m SPF,proliferation_rate,death_rate
2,Dac E10.5 - E9.5,Dac E10.5,Dac E9.5,Immune,55.0,,,,,,,,,,,0.01925408834888737,False,0.26718784018952757,1.9637711363033914,,,False,condition_b,Mukin,0.1855502811253239,0.2026817166312967,AER sample_celltype_rates unweighted,34,0.05510995082662188,0.013480119916840068,0.015280225339747357,0.02747057020114343,Mukin 2m SPF,Mukin 2m SPF,proliferation_rate,death_rate
2,Dac E10.5 - E9.5,Dac E10.5,Dac E9.5,Mesenchyme,9928.0,6555.0,0.050544040600565,0.0746376570757341,0.0217138142897632,0.0092066523735352,-0.024093616475169097,0.012507161916228,0.024093616475169097,0.012507161916228,0.036600778391397096,0.01925408834888737,True,0.26718784018952757,1.9637711363033914,0.6601937726565172,0.6601937726565172,True,,Mukin,0.1855502811253239,0.2026817166312967,AER sample_celltype_rates unweighted,34,0.05510995082662188,0.013480119916840068,0.015280225339747357,0.02747057020114343,Mukin 2m SPF,Mukin 2m SPF,proliferation_rate,death_rate
2,Dac E10.5 - E9.5,Dac E10.5,Dac E9.5,Muscle,701.0,465.0,0.0379255428612081,0.0669847082130143,0.0270731260966465,0.0084292415757447,-0.029059165351806207,0.0186438845209018,0.029059165351806207,0.0186438845209018,0.04770304987270801,0.01925408834888737,True,0.26718784018952757,1.9637711363033914,0.7059900627509789,0.7059900627509789,True,,Mukin,0.1855502811253239,0.2026817166312967,AER sample_celltype_rates unweighted,34,0.05510995082662188,0.013480119916840068,0.015280225339747357,0.02747057020114343,Mukin 2m SPF,Mukin 2m SPF,proliferation_rate,death_rate
2,Dac E10.5 - E9.5,Dac E10.5,Dac E9.5,Vascular cells,435.0,372.0,0.0714847197665292,0.0970341971757488,0.0064783870718147,0.0029739567745176,-0.02554947740921959,0.0035044302972971004,0.02554947740921959,0.0035044302972971004,0.02905390770651669,0.01925408834888737,True,0.26718784018952757,1.9637711363033914,0.33921698341525275,0.33921698341525275,True,,Mukin,0.1855502811253239,0.2026817166312967,AER sample_celltype_rates unweighted,34,0.05510995082662188,0.013480119916840068,0.015280225339747357,0.02747057020114343,Mukin 2m SPF,Mukin 2m SPF,proliferation_rate,death_rate
3,Dac E11.5 - E10.5,Dac E11.5,Dac E10.5,AER,,110.0,,,,,,,,,,0.01925408834888737,False,0.26718784018952757,1.9637711363033914,,,False,condition_a,Mukin,0.1855502811253239,0.2026817166312967,AER sample_celltype_rates unweighted,34,0.05510995082662188,0.013480119916840068,0.015280225339747357,0.02747057020114343,Mukin 2m SPF,Mukin 2m SPF,proliferation_rate,death_rate
3,Dac E11.5 - E10.5,Dac E11.5,Dac E10.5,DV,,673.0,,,,,,,,,,0.01925408834888737,False,0.26718784018952757,1.9637711363033914,,,False,condition_a,Mukin,0.1855502811253239,0.2026817166312967,AER sample_celltype_rates unweighted,34,0.05510995082662188,0.013480119916840068,0.015280225339747357,0.02747057020114343,Mukin 2m SPF,Mukin 2m SPF,proliferation_rate,death_rate
3,Dac E11.5 - E10.5,Dac E11.5,Dac E10.5,Erythrocytes,69.0,221.0,0.0193551986175317,0.0419822981143718,0.0183152826199582,0.0029227930402869,-0.022627099496840098,0.015392489579671301,0.022627099496840098,0.015392489579671301,0.0380195890765114,0.01925408834888737,True,0.26718784018952757,1.9637711363033914,0.7179943850282058,0.7179943850282058,True,,Mukin,0.1855502811253239,0.2026817166312967,AER sample_celltype_rates unweighted,34,0.05510995082662188,0.013480119916840068,0.015280225339747357,0.02747057020114343,Mukin 2m SPF,Mukin 2m SPF,proliferation_rate,death_rate
3,Dac E11.5 - E10.5,Dac E11.5,Dac E10.5,Immune,,55.0,,,,,,,,,,0.01925408834888737,False,0.26718784018952757,1.9637711363033914,,,False,condition_a,Mukin,0.1855502811253239,0.2026817166312967,AER sample_celltype_rates unweighted,34,0.05510995082662188,0.013480119916840068,0.015280225339747357,0.02747057020114343,Mukin 2m SPF,Mukin 2m SPF,proliferation_rate,death_rate
3,Dac E11.5 - E10.5,Dac E11.5,Dac E10.5,Mesenchyme,4694.0,9928.0,0.0796380242855114,0.050544040600565,0.0040738797608278,0.0217138142897632,0.029093983684946395,-0.017639934528935402,0.029093983684946395,0.017639934528935402,0.0467339182138818,0.01925408834888737,True,0.26718784018952757,1.9637711363033914,0.6941168770270337,0.6941168770270337,True,,Mukin,0.1855502811253239,0.2026817166312967,AER sample_celltype_rates unweighted,34,0.05510995082662188,0.013480119916840068,0.015280225339747357,0.02747057020114343,Mukin 2m SPF,Mukin 2m SPF,proliferation_rate,death_rate
3,Dac E11.5 - E10.5,Dac E11.5,Dac E10.5,Muscle,400.0,701.0,0.0586953465555102,0.0379255428612081,0.0026217520460985,0.0270731260966465,0.020769803694302105,-0.024451374050547998,0.020769803694302105,0.024451374050547998,0.0452211777448501,0.01925408834888737,True,0.26718784018952757,1.9637711363033914,0.8150237134341645,0.8150237134341645,True,,Mukin,0.1855502811253239,0.2026817166312967,AER sample_celltype_rates unweighted,34,0.05510995082662188,0.013480119916840068,0.015280225339747357,0.02747057020114343,Mukin 2m SPF,Mukin 2m SPF,proliferation_rate,death_rate
3,Dac E11.5 - E10.5,Dac E11.5,Dac E10.5,Vascular cells,,435.0,,,,,,,,,,0.01925408834888737,False,0.26718784018952757,1.9637711363033914,,,False,condition_a,Mukin,0.1855502811253239,0.2026817166312967,AER sample_celltype_rates unweighted,34,0.05510995082662188,0.013480119916840068,0.015280225339747357,0.02747057020114343,Mukin 2m SPF,Mukin 2m SPF,proliferation_rate,death_rate
4,E9.5 Dac - WT,Dac E9.5,WT E9.5,AER,484.0,411.0,0.044691293941659,0.0718126460683351,0.011668106886466,0.0097947693278668,-0.027121352126676095,0.0018733375585992008,0.027121352126676095,0.0018733375585992008,0.028994689685275295,0.01925408834888737,True,0.26718784018952757,1.9637711363033914,0.2054135801637029,0.2054135801637029,True,,Mukin,0.1855502811253239,0.2026817166312967,AER sample_celltype_rates unweighted,34,0.05510995082662188,0.013480119916840068,0.015280225339747357,0.02747057020114343,Mukin 2m SPF,Mukin 2m SPF,proliferation_rate,death_rate
4,E9.5 Dac - WT,Dac E9.5,WT E9.5,DV,689.0,570.0,0.0530995174255998,0.0800827757347325,0.0095667876008393,0.0109574727373717,-0.02698325830913271,-0.0013906851365323991,0.02698325830913271,0.0013906851365323991,0.028373943445665108,0.01925408834888737,True,0.26718784018952757,1.9637711363033914,0.1617022407478473,0.1617022407478473,True,,Mukin,0.1855502811253239,0.2026817166312967,AER sample_celltype_rates unweighted,34,0.05510995082662188,0.013480119916840068,0.015280225339747357,0.02747057020114343,Mukin 2m SPF,Mukin 2m SPF,proliferation_rate,death_rate
4,E9.5 Dac - WT,Dac E9.5,WT E9.5,Erythrocytes,268.0,350.0,0.0510166704836816,0.0183515116941178,0.0030687646121594,0.0637847041492069,0.0326651587895638,-0.06071593953704749,0.0326651587895638,0.06071593953704749,0.09338109832661129,0.01925408834888737,True,0.26718784018952757,1.9637711363033914,0.8743192449489581,0.8743192449489581,True,,Mukin,0.1855502811253239,0.2026817166312967,AER sample_celltype_rates unweighted,34,0.05510995082662188,0.013480119916840068,0.015280225339747357,0.02747057020114343,Mukin 2m SPF,Mukin 2m SPF,proliferation_rate,death_rate
4,E9.5 Dac - WT,Dac E9.5,WT E9.5,Immune,,,,,,,,,,,,0.01925408834888737,False,0.26718784018952757,1.9637711363033914,,,False,condition_a;condition_b,Mukin,0.1855502811253239,0.2026817166312967,AER sample_celltype_rates unweighted,34,0.05510995082662188,0.013480119916840068,0.015280225339747357,0.02747057020114343,Mukin 2m SPF,Mukin 2m SPF,proliferation_rate,death_rate
4,E9.5 Dac - WT,Dac E9.5,WT E9.5,Mesenchyme,6555.0,7650.0,0.0746376570757341,0.0727864487887569,0.0092066523735352,0.0142614721488097,0.001851208286977199,-0.0050548197752744994,0.001851208286977199,0.0050548197752744994,0.006906028062251698,0.01925408834888737,False,0.26718784018952757,1.9637711363033914,0.9108702259483885,,True,,Mukin,0.1855502811253239,0.2026817166312967,AER sample_celltype_rates unweighted,34,0.05510995082662188,0.013480119916840068,0.015280225339747357,0.02747057020114343,Mukin 2m SPF,Mukin 2m SPF,proliferation_rate,death_rate
4,E9.5 Dac - WT,Dac E9.5,WT E9.5,Muscle,465.0,294.0,0.0669847082130143,0.0718195066157897,0.0084292415757447,0.0148517576815277,-0.004834798402775398,-0.006422516105783,0.004834798402775398,0.006422516105783,0.011257314508558398,0.01925408834888737,False,0.26718784018952757,1.9637711363033914,0.8325451750621743,,True,,Mukin,0.1855502811253239,0.2026817166312967,AER sample_celltype_rates unweighted,34,0.05510995082662188,0.013480119916840068,0.015280225339747357,0.02747057020114343,Mukin 2m SPF,Mukin 2m SPF,proliferation_rate,death_rate
4,E9.5 Dac - WT,Dac E9.5,WT E9.5,Vascular cells,372.0,675.0,0.0970341971757488,0.0953593851648311,0.0029739567745176,0.0038618275431129,0.001674812010917695,-0.0008878707685953001,0.001674812010917695,0.0008878707685953001,0.002562682779512995,0.01925408834888737,False,0.26718784018952757,1.9637711363033914,0.6648923540399678,,True,,Mukin,0.1855502811253239,0.2026817166312967,AER sample_celltype_rates unweighted,34,0.05510995082662188,0.013480119916840068,0.015280225339747357,0.02747057020114343,Mukin 2m SPF,Mukin 2m SPF,proliferation_rate,death_rate
5,E10.5 Dac - WT,Dac E10.5,WT E10.5,AER,110.0,229.0,0.0107999581429362,0.031425795344143,0.0235099229477428,0.0128849986006158,-0.0206258372012068,0.010624924347127,0.0206258372012068,0.010624924347127,0.0312507615483338,0.01925408834888737,True,0.26718784018952757,1.9637711363033914,0.6584650477395154,0.6584650477395154,True,,Mukin,0.1855502811253239,0.2026817166312967,AER sample_celltype_rates unweighted,34,0.05510995082662188,0.013480119916840068,0.015280225339747357,0.02747057020114343,Mukin 2m SPF,Mukin 2m SPF,proliferation_rate,death_rate
5,E10.5 Dac - WT,Dac E10.5,WT E10.5,DV,673.0,779.0,0.0396721621189616,0.0300210330053421,0.0153151170155325,0.0158887944257385,0.0096511291136195,-0.000573677410206001,0.0096511291136195,0.000573677410206001,0.010224806523825502,0.01925408834888737,False,0.26718784018952757,1.9637711363033914,0.1819845229583875,,True,,Mukin,0.1855502811253239,0.2026817166312967,AER sample_celltype_rates unweighted,34,0.05510995082662188,0.013480119916840068,0.015280225339747357,0.02747057020114343,Mukin 2m SPF,Mukin 2m SPF,proliferation_rate,death_rate
5,E10.5 Dac - WT,Dac E10.5,WT E10.5,Erythrocytes,221.0,498.0,0.0419822981143718,0.036020384451435,0.0029227930402869,0.0035090414778996,0.005961913662936795,-0.0005862484376127001,0.005961913662936795,0.0005862484376127001,0.0065481621005494955,0.01925408834888737,False,0.26718784018952757,1.9637711363033914,0.2690201143976926,,True,,Mukin,0.1855502811253239,0.2026817166312967,AER sample_celltype_rates unweighted,34,0.05510995082662188,0.013480119916840068,0.015280225339747357,0.02747057020114343,Mukin 2m SPF,Mukin 2m SPF,proliferation_rate,death_rate
5,E10.5 Dac - WT,Dac E10.5,WT E10.5,Immune,55.0,181.0,0.0437466117477858,0.03017463337171,0.0258247753331408,0.0200878260035088,0.013571978376075804,0.005736949329632,0.013571978376075804,0.005736949329632,0.019308927705707805,0.01925408834888737,True,0.26718784018952757,1.9637711363033914,0.6127113554284151,0.6127113554284151,True,,Mukin,0.1855502811253239,0.2026817166312967,AER sample_celltype_rates unweighted,34,0.05510995082662188,0.013480119916840068,0.015280225339747357,0.02747057020114343,Mukin 2m SPF,Mukin 2m SPF,proliferation_rate,death_rate
5,E10.5 Dac - WT,Dac E10.5,WT E10.5,Mesenchyme,9928.0,15742.0,0.050544040600565,0.0369180262549892,0.0217138142897632,0.016248707282339,0.013626014345575796,0.0054651070074242004,0.013626014345575796,0.0054651070074242004,0.019091121352999996,0.01925408834888737,False,0.26718784018952757,1.9637711363033914,0.6001778640801868,,True,,Mukin,0.1855502811253239,0.2026817166312967,AER sample_celltype_rates unweighted,34,0.05510995082662188,0.013480119916840068,0.015280225339747357,0.02747057020114343,Mukin 2m SPF,Mukin 2m SPF,proliferation_rate,death_rate
5,E10.5 Dac - WT,Dac E10.5,WT E10.5,Muscle,701.0,1507.0,0.0379255428612081,0.0306974663314059,0.0270731260966465,0.0209641180259487,0.007228076529802199,0.006109008070697801,0.007228076529802199,0.006109008070697801,0.0133370846005,0.01925408834888737,False,0.26718784018952757,1.9637711363033914,0.7598020932531062,,True,,Mukin,0.1855502811253239,0.2026817166312967,AER sample_celltype_rates unweighted,34,0.05510995082662188,0.013480119916840068,0.015280225339747357,0.02747057020114343,Mukin 2m SPF,Mukin 2m SPF,proliferation_rate,death_rate
5,E10.5 Dac - WT,Dac E10.5,WT E10.5,Vascular cells,435.0,515.0,0.0714847197665292,0.0579615311857342,0.0064783870718147,0.0071107711118157,0.013523188580795,-0.0006323840400009996,0.013523188580795,0.0006323840400009996,0.014155572620796,0.01925408834888737,False,0.26718784018952757,1.9637711363033914,0.14894990530535834,,True,,Mukin,0.1855502811253239,0.2026817166312967,AER sample_celltype_rates unweighted,34,0.05510995082662188,0.013480119916840068,0.015280225339747357,0.02747057020114343,Mukin 2m SPF,Mukin 2m SPF,proliferation_rate,death_rate
6,E11.5 Dac - WT,Dac E11.5,WT E11.5,AER,,57.0,,,,,,,,,,0.01925408834888737,False,0.26718784018952757,1.9637711363033914,,,False,condition_a,Mukin,0.1855502811253239,0.2026817166312967,AER sample_celltype_rates unweighted,34,0.05510995082662188,0.013480119916840068,0.015280225339747357,0.02747057020114343,Mukin 2m SPF,Mukin 2m SPF,proliferation_rate,death_rate
6,E11.5 Dac - WT,Dac E11.5,WT E11.5,DV,,189.0,,,,,,,,,,0.01925408834888737,False,0.26718784018952757,1.9637711363033914,,,False,condition_a,Mukin,0.1855502811253239,0.2026817166312967,AER sample_celltype_rates unweighted,34,0.05510995082662188,0.013480119916840068,0.015280225339747357,0.02747057020114343,Mukin 2m SPF,Mukin 2m SPF,proliferation_rate,death_rate
6,E11.5 Dac - WT,Dac E11.5,WT E11.5,Erythrocytes,69.0,104.0,0.0193551986175317,0.0167073417027895,0.0183152826199582,0.0011216441644427,0.002647856914742199,0.0171936384555155,0.002647856914742199,0.0171936384555155,0.0198414953702577,0.01925408834888737,True,0.26718784018952757,1.9637711363033914,0.9604787062428719,0.9604787062428719,True,,Mukin,0.1855502811253239,0.2026817166312967,AER sample_celltype_rates unweighted,34,0.05510995082662188,0.013480119916840068,0.015280225339747357,0.02747057020114343,Mukin 2m SPF,Mukin 2m SPF,proliferation_rate,death_rate
6,E11.5 Dac - WT,Dac E11.5,WT E11.5,Immune,,,,,,,,,,,,0.01925408834888737,False,0.26718784018952757,1.9637711363033914,,,False,condition_a;condition_b,Mukin,0.1855502811253239,0.2026817166312967,AER sample_celltype_rates unweighted,34,0.05510995082662188,0.013480119916840068,0.015280225339747357,0.02747057020114343,Mukin 2m SPF,Mukin 2m SPF,proliferation_rate,death_rate
6,E11.5 Dac - WT,Dac E11.5,WT E11.5,Mesenchyme,4694.0,5945.0,0.0796380242855114,0.109090162056212,0.0040738797608278,0.0148184541539837,-0.029452137770700604,-0.0107445743931559,0.029452137770700604,0.0107445743931559,0.04019671216385651,0.01925408834888737,True,0.26718784018952757,1.9637711363033914,0.5772361653560331,0.5772361653560331,True,,Mukin,0.1855502811253239,0.2026817166312967,AER sample_celltype_rates unweighted,34,0.05510995082662188,0.013480119916840068,0.015280225339747357,0.02747057020114343,Mukin 2m SPF,Mukin 2m SPF,proliferation_rate,death_rate
6,E11.5 Dac - WT,Dac E11.5,WT E11.5,Muscle,400.0,250.0,0.0586953465555102,0.1006481568504931,0.0026217520460985,0.0116059070129234,-0.04195281029498289,-0.0089841549668249,0.04195281029498289,0.0089841549668249,0.05093696526180779,0.01925408834888737,True,0.26718784018952757,1.9637711363033914,0.44490472462225467,0.44490472462225467,True,,Mukin,0.1855502811253239,0.2026817166312967,AER sample_celltype_rates unweighted,34,0.05510995082662188,0.013480119916840068,0.015280225339747357,0.02747057020114343,Mukin 2m SPF,Mukin 2m SPF,proliferation_rate,death_rate
6,E11.5 Dac - WT,Dac E11.5,WT E11.5,Vascular cells,,,,,,,,,,,,0.01925408834888737,False,0.26718784018952757,1.9637711363033914,,,False,condition_a;condition_b,Mukin,0.1855502811253239,0.2026817166312967,AER sample_celltype_rates unweighted,34,0.05510995082662188,0.013480119916840068,0.015280225339747357,0.02747057020114343,Mukin 2m SPF,Mukin 2m SPF,proliferation_rate,death_rate
