analysis_dataset,comparison_name,comparison_group,tissue,celltype,prolif_rate,death_rate,growth_rate,turn_over,percentage,model,age,sex
tms,tms_old_male_vs_old_female,old_female,Marrow,B age,0.008433245807415527,0.04002993335498043,-0.0315966875475649,0.03426864262358877,2.8685258964143427,,21m,female
tms,tms_old_male_vs_old_female,old_female,Marrow,B immature,0.0038641184304933135,0.032936334437281854,-0.02907221600678854,0.026021849773539753,2.1855435401252135,,21m,female
tms,tms_old_male_vs_old_female,old_female,Marrow,B naive,0.002401097776268263,0.029869649659215135,-0.027468551882946873,0.022818864345588705,3.540125213431986,,21m,female
tms,tms_old_male_vs_old_female,old_female,Marrow,B pre,0.10436699430178346,0.016446069323452828,0.08792092497833064,0.08542773654532641,1.7985202048947067,,21m,female
tms,tms_old_male_vs_old_female,old_female,Marrow,ILC,0.006469817627597499,0.03343384351456228,-0.026964025886964782,0.028216149387791316,0.7057484348321001,,21m,female
tms,tms_old_male_vs_old_female,old_female,Marrow,T CD8,0.0018905801155767942,0.01603874659105346,-0.014148166475476665,0.012677948496367322,1.946499715424018,,21m,female
tms,tms_old_male_vs_old_female,old_female,Marrow,Treg,0.00223578309643777,0.022388413167970387,-0.020152630071532618,0.01741193615983146,1.6050085372794536,,21m,female
tms,tms_old_male_vs_old_female,old_female,Marrow,basophil,0.06299060258621529,0.005351297590790172,0.05763930499542512,0.04832502105433468,1.0586226522481503,,21m,female
tms,tms_old_male_vs_old_female,old_female,Marrow,dendritic,0.0043326124848957915,0.020318947381527,-0.01598633489663121,0.0174312851483737,1.4570290267501425,,21m,female
tms,tms_old_male_vs_old_female,old_female,Marrow,erythroblast,0.0652209837295474,0.002995927737578606,0.0622250559919688,0.04823664069000716,2.8116107000569155,,21m,female
tms,tms_old_male_vs_old_female,old_female,Marrow,erythrocyte,0.07728823292168469,0.001194778053364149,0.07609345486832053,0.055495869268395275,1.263517359134889,,21m,female
tms,tms_old_male_vs_old_female,old_female,Marrow,macrophage,0.0006977956028572304,0.024334880464602873,-0.023637084861745643,0.017700774998547237,1.7188389299943085,,21m,female
tms,tms_old_male_vs_old_female,old_female,Marrow,monocyte,0.011382611528226866,0.019694461608804035,-0.008311850080577169,0.021974809154624846,6.511098463289698,,21m,female
tms,tms_old_male_vs_old_female,old_female,Marrow,monocyte pro,0.18666811292974791,0.026082232082214888,0.16058588084753303,0.1504372116577365,1.3545816733067728,,21m,female
tms,tms_old_male_vs_old_female,old_female,Marrow,myeloid progenitor,0.035358330710362706,0.009533081037829143,0.025825249672533565,0.031743021664183906,2.8912919749573134,,21m,female
tms,tms_old_male_vs_old_female,old_female,Marrow,myelomonocyte,0.04601024022357139,0.06162663693123693,-0.015616396707665542,0.07611076574190835,4.029595902105862,,21m,female
tms,tms_old_male_vs_old_female,old_female,Marrow,neutrophil,0.0016351685250817606,0.008127814221180458,-0.006492645696098698,0.006903471304489278,20.261809903244167,,21m,female
tms,tms_old_male_vs_old_female,old_female,Marrow,neutrophil immature,0.07781188399347291,0.0067859466422893425,0.07102593735118357,0.059819699716218554,13.648264086511098,,21m,female
tms,tms_old_male_vs_old_female,old_female,Marrow,neutrophil maturing,0.0039183898817961626,0.005125644209047873,-0.0012072543272517106,0.006395097834918131,23.67672168468981,,21m,female
tms,tms_old_male_vs_old_female,old_female,Marrow,neutrophil progenitor,0.058359140445761765,0.015368431644767101,0.04299070880099466,0.052133266185633007,3.437677859988617,,21m,female
tms,tms_old_male_vs_old_female,old_female,Marrow,plasma,0.005645280564348284,0.011782539903293157,-0.006137259338944873,0.012323330033970972,1.2293682413204325,,21m,female
tms,tms_old_male_vs_old_female,old_male,Marrow,B age,0.0055801839998568595,0.08655733185688537,-0.0809771478570285,0.0651510622639855,3.8953335090957024,,24m,male
tms,tms_old_male_vs_old_female,old_male,Marrow,B immature,0.003048177417384543,0.026845235598111417,-0.023797058180726874,0.021137835056067394,1.6148167677300291,,24m,male
tms,tms_old_male_vs_old_female,old_male,Marrow,B naive,0.002725045772877506,0.043929424802947134,-0.04120437903006963,0.032989692516833855,4.389665172686528,,24m,male
tms,tms_old_male_vs_old_female,old_male,Marrow,B pre,0.10150055671767377,0.017926655827170148,0.08357390089050362,0.08444779184866626,1.1336672818349591,,24m,male
tms,tms_old_male_vs_old_female,old_male,Marrow,ILC,0.0020575093222026295,0.07728213543140743,-0.0752246261092048,0.05610160082220936,0.7447930398101766,,24m,male
tms,tms_old_male_vs_old_female,old_male,Marrow,T CD8,0.0034433424053365506,0.03846359931037026,-0.03502025690503371,0.029632682665965696,2.089375164777221,,24m,male
tms,tms_old_male_vs_old_female,old_male,Marrow,Treg,0.005883813847912592,0.03263235260313938,-0.02674853875522679,0.02723504248284865,1.6807276562088056,,24m,male
tms,tms_old_male_vs_old_female,old_male,Marrow,basophil,0.032904529633889436,0.011167542114503767,0.02173698751938567,0.031163660794228894,0.3756920643290272,,24m,male
tms,tms_old_male_vs_old_female,old_male,Marrow,dendritic,0.0027625261921175354,0.01134386955217939,-0.008581343360061855,0.009974728088893412,1.6873187450566836,,24m,male
tms,tms_old_male_vs_old_female,old_male,Marrow,erythroblast,0.09409582227373046,0.002732592141605513,0.09136323013212495,0.06846802844462532,6.933825467967308,,24m,male
tms,tms_old_male_vs_old_female,old_male,Marrow,erythrocyte,0.06865536187568799,0.0026554586006142644,0.06599990327507373,0.05042436473076984,23.655417875032956,,24m,male
tms,tms_old_male_vs_old_female,old_male,Marrow,macrophage,0.0009921991923304992,0.027978528683331897,-0.0269863294910014,0.020485398136791025,2.5112048510413922,,24m,male
tms,tms_old_male_vs_old_female,old_male,Marrow,monocyte,0.01408901893158389,0.030889652419293652,-0.016800633487709764,0.0318047235209666,5.226733456366992,,24m,male
tms,tms_old_male_vs_old_female,old_male,Marrow,monocyte pro,0.13636314194178253,0.033906941005488106,0.10245620093629443,0.120399130285211,0.9952544160295281,,24m,male
tms,tms_old_male_vs_old_female,old_male,Marrow,myeloid progenitor,0.025736934872148412,0.01155689590700702,0.014180038965141393,0.026370720640364394,3.5196414447666755,,24m,male
tms,tms_old_male_vs_old_female,old_male,Marrow,myelomonocyte,0.03890400680180162,0.024959252424593705,0.013944754377207918,0.04515814366765848,2.23437911943053,,24m,male
tms,tms_old_male_vs_old_female,old_male,Marrow,neutrophil,0.001649343175457036,0.013892474187972882,-0.012243131012515847,0.010989724449644125,10.875296598998155,,24m,male
tms,tms_old_male_vs_old_female,old_male,Marrow,neutrophil immature,0.06988578789910938,0.006349831288024707,0.06353595661108467,0.05390672329517778,8.990245188505142,,24m,male
tms,tms_old_male_vs_old_female,old_male,Marrow,neutrophil maturing,0.003918154973740489,0.006395664845600345,-0.0024775098718598553,0.0072929719341921165,13.43263907197469,,24m,male
tms,tms_old_male_vs_old_female,old_male,Marrow,neutrophil progenitor,0.03576217867375751,0.029596775237433127,0.006165403436324379,0.046215759521861924,3.236224624307936,,24m,male
tms,tms_old_male_vs_old_female,old_male,Marrow,plasma,0.0036677574351024404,0.004384269266834113,-0.0007165118317316722,0.005693642683234489,0.777748484049565,,24m,male
