sample,genotype,stage,cell_type,n_cells,proliferation_rate,death_rate
GSM7876383_WT_E95,WT,E9.5,AER,411,0.07181264606833516,0.009794769327866807
GSM7876383_WT_E95,WT,E9.5,DV,570,0.08008277573473253,0.010957472737371765
GSM7876383_WT_E95,WT,E9.5,Erythrocytes,350,0.018351511694117858,0.0637847041492069
GSM7876383_WT_E95,WT,E9.5,Mesenchyme,7650,0.07278644878875694,0.014261472148809769
GSM7876383_WT_E95,WT,E9.5,Muscle,294,0.0718195066157897,0.01485175768152775
GSM7876383_WT_E95,WT,E9.5,Vascular cells,675,0.09535938516483114,0.0038618275431129816
GSM7876384_Dac_E95,Dac,E9.5,AER,484,0.04469129394165907,0.011668106886466047
GSM7876384_Dac_E95,Dac,E9.5,DV,689,0.05309951742559982,0.009566787600839398
GSM7876384_Dac_E95,Dac,E9.5,Erythrocytes,268,0.051016670483681636,0.003068764612159418
GSM7876384_Dac_E95,Dac,E9.5,Mesenchyme,6555,0.0746376570757341,0.00920665237353524
GSM7876384_Dac_E95,Dac,E9.5,Muscle,465,0.0669847082130143,0.008429241575744739
GSM7876384_Dac_E95,Dac,E9.5,Vascular cells,372,0.09703419717574889,0.0029739567745176916
GSM7876385_WT_E105,WT,E10.5,AER,229,0.03142579534414309,0.012884998600615883
GSM7876385_WT_E105,WT,E10.5,DV,779,0.030021033005342198,0.01588879442573855
GSM7876385_WT_E105,WT,E10.5,Erythrocytes,498,0.03602038445143505,0.003509041477899681
GSM7876385_WT_E105,WT,E10.5,Immune,181,0.030174633371710054,0.02008782600350881
GSM7876385_WT_E105,WT,E10.5,Mesenchyme,15742,0.036918026254989224,0.016248707282339014
GSM7876385_WT_E105,WT,E10.5,Muscle,1507,0.030697466331405965,0.02096411802594873
GSM7876385_WT_E105,WT,E10.5,Vascular cells,515,0.057961531185734286,0.007110771111815727
GSM7876386_Dac_E105,Dac,E10.5,AER,110,0.010799958142936264,0.023509922947742894
GSM7876386_Dac_E105,Dac,E10.5,DV,673,0.03967216211896168,0.015315117015532568
GSM7876386_Dac_E105,Dac,E10.5,Erythrocytes,221,0.04198229811437187,0.0029227930402869733
GSM7876386_Dac_E105,Dac,E10.5,Immune,55,0.04374661174778585,0.02582477533314081
GSM7876386_Dac_E105,Dac,E10.5,Mesenchyme,9928,0.05054404060056504,0.02171381428976327
GSM7876386_Dac_E105,Dac,E10.5,Muscle,701,0.03792554286120813,0.027073126096646534
GSM7876386_Dac_E105,Dac,E10.5,Vascular cells,435,0.07148471976652922,0.006478387071814783
GSM7876387_WT_E115,WT,E11.5,AER,57,0.050910667789552326,0.014422358511544
GSM7876387_WT_E115,WT,E11.5,DV,189,0.09164290856842584,0.009387092768832607
GSM7876387_WT_E115,WT,E11.5,Erythrocytes,104,0.01670734170278956,0.0011216441644427094
GSM7876387_WT_E115,WT,E11.5,Mesenchyme,5945,0.10909016205621207,0.01481845415398377
GSM7876387_WT_E115,WT,E11.5,Muscle,250,0.10064815685049319,0.011605907012923404
GSM7876388_Dac_E115,Dac,E11.5,Erythrocytes,69,0.019355198617531766,0.01831528261995822
GSM7876388_Dac_E115,Dac,E11.5,Mesenchyme,4694,0.07963802428551149,0.004073879760827801
GSM7876388_Dac_E115,Dac,E11.5,Muscle,400,0.058695346555510244,0.0026217520460985223
