sample,genotype,stage,cell_type,n_cells,keep_for_tidyi
GSM7876383_WT_E95,WT,E9.5,AER,411,True
GSM7876383_WT_E95,WT,E9.5,DV,570,True
GSM7876383_WT_E95,WT,E9.5,Erythrocytes,350,True
GSM7876383_WT_E95,WT,E9.5,Mesenchyme,7650,True
GSM7876383_WT_E95,WT,E9.5,Muscle,294,True
GSM7876383_WT_E95,WT,E9.5,Vascular cells,675,True
GSM7876384_Dac_E95,Dac,E9.5,AER,484,True
GSM7876384_Dac_E95,Dac,E9.5,DV,689,True
GSM7876384_Dac_E95,Dac,E9.5,Erythrocytes,268,True
GSM7876384_Dac_E95,Dac,E9.5,Mesenchyme,6555,True
GSM7876384_Dac_E95,Dac,E9.5,Muscle,465,True
GSM7876384_Dac_E95,Dac,E9.5,Vascular cells,372,True
GSM7876385_WT_E105,WT,E10.5,AER,229,True
GSM7876385_WT_E105,WT,E10.5,DV,779,True
GSM7876385_WT_E105,WT,E10.5,Erythrocytes,498,True
GSM7876385_WT_E105,WT,E10.5,Immune,181,True
GSM7876385_WT_E105,WT,E10.5,Mesenchyme,15742,True
GSM7876385_WT_E105,WT,E10.5,Muscle,1507,True
GSM7876385_WT_E105,WT,E10.5,Vascular cells,515,True
GSM7876386_Dac_E105,Dac,E10.5,AER,110,True
GSM7876386_Dac_E105,Dac,E10.5,DV,673,True
GSM7876386_Dac_E105,Dac,E10.5,Erythrocytes,221,True
GSM7876386_Dac_E105,Dac,E10.5,Immune,55,True
GSM7876386_Dac_E105,Dac,E10.5,Mesenchyme,9928,True
GSM7876386_Dac_E105,Dac,E10.5,Muscle,701,True
GSM7876386_Dac_E105,Dac,E10.5,Vascular cells,435,True
GSM7876387_WT_E115,WT,E11.5,AER,57,True
GSM7876387_WT_E115,WT,E11.5,DV,189,True
GSM7876387_WT_E115,WT,E11.5,Erythrocytes,104,True
GSM7876387_WT_E115,WT,E11.5,Immune,49,False
GSM7876387_WT_E115,WT,E11.5,Mesenchyme,5945,True
GSM7876387_WT_E115,WT,E11.5,Muscle,250,True
GSM7876387_WT_E115,WT,E11.5,Vascular cells,49,False
GSM7876388_Dac_E115,Dac,E11.5,Erythrocytes,69,True
GSM7876388_Dac_E115,Dac,E11.5,Immune,12,False
GSM7876388_Dac_E115,Dac,E11.5,Mesenchyme,4694,True
GSM7876388_Dac_E115,Dac,E11.5,Muscle,400,True
GSM7876388_Dac_E115,Dac,E11.5,Vascular cells,19,False
